paper,coefficient number,regression number,original p-value,randomization inference p-value,reported treatment effect indicator,leverage
AbelerFalkGoetteHuffman_2011,1.0,1.0,0.0459011734052697,0.0490950904909509,1,0.0083333333333333
AbelerFalkGoetteHuffman_2011,2.0,2.0,0.030159848287177,0.0318968103189681,1,0.012058624418205
AbelerFalkGoetteHuffman_2011,3.0,3.0,0.0303378080004208,0.0315968403159684,1,0.0166622699976129
AbelerFalkGoetteHuffman_2011,4.0,4.0,0.0443266132175564,0.0461953804619538,1,0.0083333333333333
AbelerFalkGoetteHuffman_2011,5.0,5.0,0.0393452092726574,0.0423957604239576,1,0.012058624418205
AbelerFalkGoetteHuffman_2011,6.0,6.0,0.0380160394000791,0.0393960603939606,1,0.0166622699976129
AbelerFalkGoetteHuffman_2011,7.0,7.0,0.0412057984340486,0.0455954404559544,1,0.0083333333333333
AbelerFalkGoetteHuffman_2011,8.0,8.0,0.0359730387690677,0.0406959304069593,1,0.012058624418205
AbelerFalkGoetteHuffman_2011,9.0,9.0,0.0296464339549745,0.0362963703629637,1,0.0166622699976129
AbelerFalkGoetteHuffman_2011,10.0,10.0,0.0406377047700968,0.0170982901709829,1,0.0083333333333333
AbelerFalkGoetteHuffman_2011,11.0,10.0,0.044376648662806,0.0113988601139886,1,0.0083333333333333
AbelerFalkGoetteHuffman_2011,12.0,11.0,0.0413085470679885,0.0185981401859814,1,0.012058624418205
AbelerFalkGoetteHuffman_2011,13.0,11.0,0.0434694239802672,0.0116988301169883,1,0.012058624418205
AbelerFalkGoetteHuffman_2011,14.0,12.0,0.0376716862973972,0.0229,1,0.0166622699976129
AbelerFalkGoetteHuffman_2011,15.0,12.0,0.0316417892975936,0.0098,1,0.0166622699976129
AbelerFalkGoetteHuffman_2011,16.0,13.0,0.042135567429992,0.0168983101689831,1,0.0083333333333333
AbelerFalkGoetteHuffman_2011,17.0,13.0,0.8957376203480376,0.8575142485751425,1,0.0083333333333333
AbelerFalkGoetteHuffman_2011,18.0,13.0,0.8851810532554965,0.8696130386961304,1,0.0083333333333333
AbelerFalkGoetteHuffman_2011,19.0,13.0,0.2659901230425631,0.2420757924207579,1,0.0083333333333333
AbelerFalkGoetteHuffman_2011,20.0,13.0,0.2603519682203398,0.2535746425357464,1,0.0083333333333333
AbelerFalkGoetteHuffman_2011,21.0,13.0,0.9386437957161134,0.8906109389061094,1,0.0083333333333333
AbelerFalkGoetteHuffman_2011,22.0,14.0,0.0448069612560244,0.0186981301869813,1,0.0107692563223987
AbelerFalkGoetteHuffman_2011,23.0,14.0,0.9086870222441322,0.8687131286871312,1,0.0107692563223987
AbelerFalkGoetteHuffman_2011,24.0,14.0,0.8781954799530258,0.8678132186781322,1,0.0087898212628366
AbelerFalkGoetteHuffman_2011,25.0,14.0,0.2682280873080913,0.2487751224877512,1,0.0087898212628366
AbelerFalkGoetteHuffman_2011,26.0,14.0,0.3294193951629378,0.3328667133286671,1,0.0171644796368345
AbelerFalkGoetteHuffman_2011,27.0,14.0,0.9932214506932122,0.9878012198780122,1,0.0171644796368345
AbelerFalkGoetteHuffman_2011,28.0,15.0,0.0274266833690343,0.0083991600839916,1,0.0266323307652939
AbelerFalkGoetteHuffman_2011,29.0,15.0,0.8210945196392481,0.8162183781621838,1,0.0266323307652939
AbelerFalkGoetteHuffman_2011,30.0,15.0,0.9300982816914836,0.9205079492050796,1,0.0216924228065142
AbelerFalkGoetteHuffman_2011,31.0,15.0,0.149646094884869,0.1262873712628737,1,0.0216924228065142
AbelerFalkGoetteHuffman_2011,32.0,15.0,0.3796756869044935,0.390960903909609,1,0.0281717351232612
AbelerFalkGoetteHuffman_2011,33.0,15.0,0.735077191920303,0.7388261173882612,1,0.0281717351232612
AbelerFalkGoetteHuffman_2011,34.0,16.0,0.1689950994019691,0.1688831116888311,1,0.0083333333333333
AbelerFalkGoetteHuffman_2011,35.0,16.0,0.1726060479600973,0.1715828417158284,1,0.0083333333333333
AbelerFalkGoetteHuffman_2011,36.0,17.0,0.1643903733173657,0.1613838616138386,1,0.0089683513899556
AbelerFalkGoetteHuffman_2011,37.0,17.0,0.2482936665861686,0.2514748525147485,1,0.0213385901404913
AbelerFalkGoetteHuffman_2011,38.0,18.0,0.2365410021429252,0.2325767423257674,1,0.0216369660988384
AbelerFalkGoetteHuffman_2011,39.0,18.0,0.1985348083185447,0.1970802919708029,1,0.0311555186821458
AbelerFalkGoetteHuffman_2011,40.0,19.0,0.0058885146982202,0.0036996300369963,1,0.0083333333333333
AbelerFalkGoetteHuffman_2011,41.0,19.0,0.1793717334555627,0.1752824717528247,1,0.0083333333333333
AbelerFalkGoetteHuffman_2011,42.0,19.0,0.1854483677379776,0.1855814418558144,1,0.0083333333333333
AbelerFalkGoetteHuffman_2011,43.0,20.0,0.0039500332339364,0.0026997300269973,1,0.0107692563223987
AbelerFalkGoetteHuffman_2011,44.0,20.0,0.1676716096389459,0.1627837216278372,1,0.0087898212628366
AbelerFalkGoetteHuffman_2011,45.0,20.0,0.3215124111379676,0.321967803219678,1,0.0171644796368345
AbelerFalkGoetteHuffman_2011,46.0,21.0,0.0014234984971753,0.0007999200079992,1,0.0266323307652939
AbelerFalkGoetteHuffman_2011,47.0,21.0,0.2198941910368007,0.2162783721627837,1,0.0216924228065142
AbelerFalkGoetteHuffman_2011,48.0,21.0,0.2465176814528182,0.2484751524847515,1,0.0281717351232612
AbelerFalkGoetteHuffman_2011,49.0,22.0,0.0064989615460978,0.0045995400459954,1,0.0083333333333333
AbelerFalkGoetteHuffman_2011,50.0,22.0,0.1342522044467227,0.134986501349865,1,0.0083333333333333
AbelerFalkGoetteHuffman_2011,51.0,22.0,0.1634893982163343,0.1684831516848315,1,0.0083333333333333
AbelerFalkGoetteHuffman_2011,52.0,23.0,0.0042509655653272,0.0030996900309969,1,0.0107692563223987
AbelerFalkGoetteHuffman_2011,53.0,23.0,0.1234049534664666,0.1267873212678732,1,0.0087898212628366
AbelerFalkGoetteHuffman_2011,54.0,23.0,0.2903692521903357,0.2922707729227077,1,0.0171644796368345
AbelerFalkGoetteHuffman_2011,55.0,24.0,0.0014280469586237,0.0008999100089991,1,0.0266323307652939
AbelerFalkGoetteHuffman_2011,56.0,24.0,0.178000638225406,0.1845815418458154,1,0.0216924228065142
AbelerFalkGoetteHuffman_2011,57.0,24.0,0.2322122163083109,0.2450754924507549,1,0.0281717351232612
AkerKsollLybbert_2012,1.0,1.0,0.0307172345190842,0.0622598001537279,1,0.0130731163052227
AkerKsollLybbert_2012,2.0,2.0,0.0236977359100597,0.0491929285165257,1,0.0134796349527681
AkerKsollLybbert_2012,3.0,3.0,0.0217653164484284,0.0399692544196771,1,0.0134806521635789
AkerKsollLybbert_2012,4.0,4.0,0.0298287757817175,0.0461183704842428,1,0.0137604526631523
AkerKsollLybbert_2012,5.0,5.0,0.0075605504055731,0.0230591852421214,1,0.0130661714691243
AkerKsollLybbert_2012,6.0,6.0,0.0060652425925277,0.0184473481936971,1,0.0134638175847561
AkerKsollLybbert_2012,7.0,7.0,0.0053681441874724,0.016141429669485,1,0.0134693151532873
AkerKsollLybbert_2012,8.0,8.0,0.0071452441212525,0.0138355111452728,1,0.0137477991658502
AkerKsollLybbert_2012,9.0,9.0,0.285494064444844,0.3358954650269024,1,0.0376556502428421
AkerKsollLybbert_2012,10.0,9.0,0.7028301203580354,0.7125288239815527,1,0.0227915634268629
AkerKsollLybbert_2012,11.0,10.0,0.0799759852732868,0.112990007686395,1,0.0140253256251072
AkerKsollLybbert_2012,12.0,10.0,0.5793168885360289,0.5649500384319754,1,0.0135408563747237
AkerKsollLybbert_2012,13.0,11.0,0.1273804039513356,0.0784012298232129,1,0.0238534070611755
AkerKsollLybbert_2012,14.0,11.0,0.6111930623801503,0.6933128362797848,1,0.0184744709509557
AkerKsollLybbert_2012,15.0,12.0,0.2495650965198181,0.3159108378170638,1,0.0375544140118676
AkerKsollLybbert_2012,16.0,12.0,0.3125066332923617,0.3274404304381245,1,0.0227302177437111
AkerKsollLybbert_2012,17.0,13.0,0.0157554660637069,0.0338201383551114,1,0.0140086292292448
AkerKsollLybbert_2012,18.0,13.0,0.9921519457174676,0.9915449654112222,1,0.0135326894014712
AkerKsollLybbert_2012,19.0,14.0,0.0123808857373778,0.0153727901614142,1,0.0236871042596421
AkerKsollLybbert_2012,20.0,14.0,0.7656011682676916,0.7801691006917756,1,0.0183160478317977
AkerKsollLybbert_2012,21.0,15.0,0.0194586161118414,0.0384319754035357,1,0.0134826689532583
AkerKsollLybbert_2012,22.0,15.0,0.1082388254014521,0.1191391237509608,1,0.01382508511698
AkerKsollLybbert_2012,23.0,16.0,0.0055385983195909,0.0169100691775557,1,0.0134725357868056
AkerKsollLybbert_2012,24.0,16.0,0.0152159573115401,0.0361260568793236,1,0.0137010820635048
AkerKsollLybbert_2012,25.0,17.0,0.2586559334577431,0.2990007686395081,1,0.0300734983079526
AkerKsollLybbert_2012,26.0,18.0,0.1932690553463683,0.229054573405073,1,0.0281669150521609
AkerKsollLybbert_2012,27.0,19.0,0.7264427968928818,0.7694081475787855,1,0.0283929025653042
AkerKsollLybbert_2012,28.0,20.0,0.2361309463392615,0.3151421983089931,1,0.0296205286386655
AkerKsollLybbert_2012,29.0,21.0,0.9576397886850144,0.9669485011529592,1,0.0590663476192082
AkerKsollLybbert_2012,30.0,22.0,0.2428443162959301,0.3151421983089931,1,0.0469770987568765
AkerKsollLybbert_2012,31.0,22.0,0.0902119887997917,0.1322059953881629,1,0.0346842623578402
AkerKsollLybbert_2012,32.0,23.0,0.1807869832801123,0.1744811683320522,1,0.0256048004376974
AkerKsollLybbert_2012,33.0,24.0,0.088869999066622,0.0899308224442736,1,0.0400567760380844
AkerKsollLybbert_2012,34.0,25.0,0.5916292105185901,0.5764796310530361,1,0.1040476126811405
AkerKsollLybbert_2012,35.0,26.0,0.2727938203055122,0.3435818601076095,1,0.0417162110667715
AkerKsollLybbert_2012,36.0,27.0,0.0237952400037818,0.0392006149116064,1,0.0263282192539851
AkerKsollLybbert_2012,37.0,28.0,0.0007389323772496,0.0038431975403535,1,0.0316566973111273
AkerKsollLybbert_2012,38.0,29.0,0.7101588619928592,0.7325134511913912,1,0.0316566973111273
AkerKsollLybbert_2012,39.0,30.0,0.006228447492793,0.0184473481936971,1,0.0316566973111273
AkerKsollLybbert_2012,40.0,31.0,0.2648094710117573,0.3243658724058416,1,0.0316566973111273
AkerKsollLybbert_2012,41.0,32.0,0.0598555538778095,0.1091468101460415,1,0.0318554333596812
AkerKsollLybbert_2012,42.0,33.0,0.2075502007988455,0.2890084550345888,1,0.0316566973111273
AkerKsollLybbert_2012,43.0,34.0,0.1003281480001447,0.1475787855495772,1,0.0316566973111273
AkerKsollLybbert_2012,44.0,35.0,0.2939282331790066,0.3489623366641045,1,0.0381535006547158
AkerKsollLybbert_2012,45.0,36.0,0.0130999377001696,0.0315142198308993,1,0.0316610541796916
AkerKsollLybbert_2012,46.0,37.0,0.1199726558188409,0.1829362029208301,1,0.0316610541796916
AkerKsollLybbert_2012,47.0,38.0,0.3995868354841909,0.4534973097617217,1,0.0316610541796916
AkerKsollLybbert_2012,48.0,39.0,0.9795216143638767,0.9823212913143736,1,0.0316610541796915
AkerKsollLybbert_2012,49.0,40.0,0.1083161591163889,0.1614142966948501,1,0.0316610541796916
AlatasBanerjeeHannaOlkenTobias_2012,1.0,1.0,0.0582290570595259,0.0689454714568073,1,0.0031255337819788
AlatasBanerjeeHannaOlkenTobias_2012,2.0,1.0,0.0702462190281076,0.0794093710033717,1,0.0031193634100727
AlatasBanerjeeHannaOlkenTobias_2012,3.0,2.0,0.0130470830349327,0.0281362632252063,1,0.004584782528522
AlatasBanerjeeHannaOlkenTobias_2012,4.0,2.0,0.0336724051602291,0.0382513661202185,1,0.0047482274960451
AlatasBanerjeeHannaOlkenTobias_2012,5.0,3.0,0.433742063874642,0.4237879316358563,1,0.007040572899693
AlatasBanerjeeHannaOlkenTobias_2012,6.0,3.0,0.7307607324720351,0.7342169515172654,1,0.0075731341065329
AlatasBanerjeeHannaOlkenTobias_2012,7.0,4.0,0.1781600066326984,0.2076502732240437,1,0.0069880492611648
AlatasBanerjeeHannaOlkenTobias_2012,8.0,4.0,0.3293291739312675,0.3653063597256133,1,0.0085483411562301
AlatasBanerjeeHannaOlkenTobias_2012,9.0,5.0,0.0137135746119989,0.0208115335426113,1,0.0062506625518328
AlatasBanerjeeHannaOlkenTobias_2012,10.0,5.0,0.0405499782380861,0.0483664690152307,1,0.0069853606253249
AlatasBanerjeeHannaOlkenTobias_2012,11.0,6.0,0.1908934006493817,0.1824206487617719,1,0.0101407053137403
AlatasBanerjeeHannaOlkenTobias_2012,12.0,6.0,0.4073789582600057,0.4130915009882572,1,0.0101532745865554
AlatasBanerjeeHannaOlkenTobias_2012,13.0,7.0,0.7417563481351459,0.7487501453319382,1,0.0141704765920962
AlatasBanerjeeHannaOlkenTobias_2012,14.0,7.0,0.8268964416882965,0.807464248343216,1,0.0125034358853616
AlatasBanerjeeHannaOlkenTobias_2012,15.0,8.0,0.5963256116399375,0.6239972096267876,1,0.0087363934180668
AlatasBanerjeeHannaOlkenTobias_2012,16.0,8.0,0.9523112435462374,0.9490756888733868,1,0.0093442874897203
AlatasBanerjeeHannaOlkenTobias_2012,17.0,9.0,0.0456400791190604,0.0523194977328217,1,0.015687468791284
AlatasBanerjeeHannaOlkenTobias_2012,18.0,9.0,0.0204459281390007,0.0346471340541797,1,0.0161658315084068
AlatasBanerjeeHannaOlkenTobias_2012,19.0,9.0,0.1700203425772356,0.1981164980816184,1,0.0081037269205982
AlatasBanerjeeHannaOlkenTobias_2012,20.0,9.0,0.1524851421315354,0.176374840134868,1,0.009907804024954
AlatasBanerjeeHannaOlkenTobias_2012,21.0,9.0,0.6500994115372114,0.6403906522497385,1,0.0072747789888174
AlatasBanerjeeHannaOlkenTobias_2012,22.0,9.0,0.5406326615415135,0.5457504941285897,1,0.0085431891736794
AlatasBanerjeeHannaOlkenTobias_2012,23.0,9.0,0.6101139999927412,0.6103941402162539,1,0.0085112621338919
AlatasBanerjeeHannaOlkenTobias_2012,24.0,9.0,0.154230257615574,0.1680037204976165,1,0.0093948625011825
AlatasBanerjeeHannaOlkenTobias_2012,25.0,10.0,0.8894680596041893,0.8908266480641786,1,0.0195110122895472
AlatasBanerjeeHannaOlkenTobias_2012,26.0,10.0,0.695879442769356,0.7109638414137891,1,0.019794912199135
AlatasBanerjeeHannaOlkenTobias_2012,27.0,10.0,0.5078285080291778,0.5340076735263342,1,0.0105922312729683
AlatasBanerjeeHannaOlkenTobias_2012,28.0,10.0,0.7248792808009712,0.7366585280781305,1,0.014005617337146
AlatasBanerjeeHannaOlkenTobias_2012,29.0,10.0,0.5741588459181852,0.5830717358446692,1,0.011058178900316
AlatasBanerjeeHannaOlkenTobias_2012,30.0,10.0,0.9662548454300176,0.9693058946634112,1,0.0086256168276801
AlatasBanerjeeHannaOlkenTobias_2012,31.0,10.0,0.5843345543282916,0.6000465062202069,1,0.008766866141765
AlatasBanerjeeHannaOlkenTobias_2012,32.0,10.0,0.6505842718609278,0.6662016044645971,1,0.0106946829503614
AlatasBanerjeeHannaOlkenTobias_2012,33.0,11.0,0.0128177874348507,0.0154633182188117,1,0.0249181513676544
AlatasBanerjeeHannaOlkenTobias_2012,34.0,11.0,0.0304523202333032,0.0431345192419486,1,0.0283787481691451
AlatasBanerjeeHannaOlkenTobias_2012,35.0,11.0,0.0675342419427101,0.0915009882571794,1,0.0136245566501646
AlatasBanerjeeHannaOlkenTobias_2012,36.0,11.0,0.2419646584630932,0.2691547494477386,1,0.0135610797389942
AlatasBanerjeeHannaOlkenTobias_2012,37.0,11.0,0.016205998204346,0.0172073014765724,1,0.009795636405198
AlatasBanerjeeHannaOlkenTobias_2012,38.0,11.0,0.1987524949536457,0.2150912684571561,1,0.0126088394875457
AlatasBanerjeeHannaOlkenTobias_2012,39.0,11.0,0.9039227372066662,0.9128008371119636,1,0.0152386572066843
AlatasBanerjeeHannaOlkenTobias_2012,40.0,11.0,0.1586899223931309,0.1945122660155795,1,0.0201038694700991
AlatasBanerjeeHannaOlkenTobias_2012,41.0,12.0,0.2968395889330521,0.3333333333333333,1,0.0216299876848757
AlatasBanerjeeHannaOlkenTobias_2012,42.0,12.0,0.4461110975487219,0.4821532379955819,1,0.0363273093046364
AlatasBanerjeeHannaOlkenTobias_2012,43.0,12.0,0.2169342923865056,0.2520637135216835,1,0.0157581553910569
AlatasBanerjeeHannaOlkenTobias_2012,44.0,12.0,0.9778856784879936,0.980816184164632,1,0.0172980596434974
AlatasBanerjeeHannaOlkenTobias_2012,45.0,12.0,0.5676644622028668,0.5657481688175794,1,0.0129551934684214
AlatasBanerjeeHannaOlkenTobias_2012,46.0,12.0,0.4271951253795244,0.4547145680734798,1,0.0143081174176873
AlatasBanerjeeHannaOlkenTobias_2012,47.0,12.0,0.1735210908386134,0.2046273689105918,1,0.0189322559054204
AlatasBanerjeeHannaOlkenTobias_2012,48.0,12.0,0.8878274960673369,0.8893151959074527,1,0.0153582586800357
AlatasBanerjeeHannaOlkenTobias_2012,49.0,13.0,0.2028590168505534,0.2203232182304383,1,0.0241077057921184
AlatasBanerjeeHannaOlkenTobias_2012,50.0,13.0,0.8748322423736947,0.8780374375072666,1,0.0220628719227909
AlatasBanerjeeHannaOlkenTobias_2012,51.0,13.0,0.6117348736071893,0.6388792000930125,1,0.0103962853391358
AlatasBanerjeeHannaOlkenTobias_2012,52.0,13.0,0.7142706294489756,0.7127078246715498,1,0.0157817615942515
AlatasBanerjeeHannaOlkenTobias_2012,53.0,13.0,0.3617620245303315,0.3806534123939077,1,0.0120885213110901
AlatasBanerjeeHannaOlkenTobias_2012,54.0,13.0,0.2632373421431938,0.2738053714684339,1,0.009864534612771
AlatasBanerjeeHannaOlkenTobias_2012,55.0,13.0,0.6482612276511104,0.6745727241018487,1,0.0109169350850217
AlatasBanerjeeHannaOlkenTobias_2012,56.0,13.0,0.5164080851073624,0.5433089175677247,1,0.014357918154592
AlatasBanerjeeHannaOlkenTobias_2012,57.0,14.0,0.0061421350298515,0.0109289617486338,1,0.0319592788603151
AlatasBanerjeeHannaOlkenTobias_2012,58.0,14.0,0.0110529666737876,0.0165097081734682,1,0.0283712954032065
AlatasBanerjeeHannaOlkenTobias_2012,59.0,14.0,0.0191077390508103,0.0244157656086501,1,0.02146454311416
AlatasBanerjeeHannaOlkenTobias_2012,60.0,14.0,0.0592993854972817,0.0760376700383676,1,0.0142475822937711
AlatasBanerjeeHannaOlkenTobias_2012,61.0,14.0,0.0902659711928032,0.0915009882571794,1,0.0191057453578914
AlatasBanerjeeHannaOlkenTobias_2012,62.0,14.0,0.9307377874171896,0.924776188815254,1,0.0185444674181457
AlatasBanerjeeHannaOlkenTobias_2012,63.0,14.0,0.6277673088744224,0.6357400302290431,1,0.0186068913476609
AlatasBanerjeeHannaOlkenTobias_2012,64.0,14.0,0.0389555733809049,0.061853272875247,1,0.0154151436929481
AlatasBanerjeeHannaOlkenTobias_2012,65.0,15.0,0.6139961092167926,0.621090570863853,1,0.0302436300675188
AlatasBanerjeeHannaOlkenTobias_2012,66.0,15.0,0.2894158831406914,0.3146145797000348,1,0.0341065126889862
AlatasBanerjeeHannaOlkenTobias_2012,67.0,15.0,0.6227345604598646,0.629926752703174,1,0.0209837578723794
AlatasBanerjeeHannaOlkenTobias_2012,68.0,15.0,0.8507401120143526,0.8654807580513894,1,0.0220865167613156
AlatasBanerjeeHannaOlkenTobias_2012,69.0,15.0,0.125431332136139,0.1314963376351587,1,0.019523266863547
AlatasBanerjeeHannaOlkenTobias_2012,70.0,15.0,0.0417811743101971,0.052086966631787,1,0.0196815959151615
AlatasBanerjeeHannaOlkenTobias_2012,71.0,15.0,0.624111386329467,0.6374840134868038,1,0.0194016711043246
AlatasBanerjeeHannaOlkenTobias_2012,72.0,15.0,0.9023338304646628,0.9016393442622952,1,0.0309845979032018
AlatasBanerjeeHannaOlkenTobias_2012,73.0,16.0,0.2162458638644699,0.2428787350308103,1,0.0269957025518691
AlatasBanerjeeHannaOlkenTobias_2012,74.0,16.0,0.5770396762385643,0.6063248459481456,1,0.0443884660095571
AlatasBanerjeeHannaOlkenTobias_2012,75.0,16.0,0.5503397473172904,0.5728403673991397,1,0.0233553207958283
AlatasBanerjeeHannaOlkenTobias_2012,76.0,16.0,0.8040259960627767,0.8052552028833857,1,0.0183193368447299
AlatasBanerjeeHannaOlkenTobias_2012,77.0,16.0,0.3296172528759864,0.3546099290780142,1,0.0167529883971371
AlatasBanerjeeHannaOlkenTobias_2012,78.0,16.0,0.7544001099437448,0.7665387745610975,1,0.0167593171409835
AlatasBanerjeeHannaOlkenTobias_2012,79.0,16.0,0.2578849599183632,0.2688059527961864,1,0.0113657436529518
AlatasBanerjeeHannaOlkenTobias_2012,80.0,16.0,0.6564464500123641,0.6822462504359958,1,0.0220748354223659
AlatasBanerjeeHannaOlkenTobias_2012,81.0,17.0,0.0040524360158894,0.0290663876293454,1,0.0096990563643626
AlatasBanerjeeHannaOlkenTobias_2012,82.0,17.0,0.7419565151999608,0.7982792698523428,1,0.0104057361294434
AlatasBanerjeeHannaOlkenTobias_2012,83.0,18.0,8.050887779139068e-07,0.0003487966515521,1,0.0103564094700272
AlatasBanerjeeHannaOlkenTobias_2012,84.0,18.0,0.1979288950673089,0.3361237065457504,1,0.0095078399410108
AlatasBanerjeeHannaOlkenTobias_2012,85.0,19.0,3.998545063518934e-06,0.0001162655505173,1,0.0069751763775451
AlatasBanerjeeHannaOlkenTobias_2012,86.0,19.0,0.634191946106136,0.6409719800023254,1,0.0069251014693771
AlatasBanerjeeHannaOlkenTobias_2012,87.0,20.0,0.0003159180180796,0.000930124404139,1,0.0069751763775451
AlatasBanerjeeHannaOlkenTobias_2012,88.0,20.0,0.6788405417672048,0.693872805487734,1,0.0069251014693771
AlatasBanerjeeHannaOlkenTobias_2012,89.0,21.0,1.4164197322200934e-06,0.0001162655505173,1,0.0069751763775451
AlatasBanerjeeHannaOlkenTobias_2012,90.0,21.0,0.1869547407273176,0.1943960004650622,1,0.0069251014693771
AlatasBanerjeeHannaOlkenTobias_2012,91.0,22.0,2.44091563783848e-21,0.0001162655505173,1,0.0031300905594672
AlatasBanerjeeHannaOlkenTobias_2012,92.0,22.0,8.982196158095307e-07,0.0001162655505173,1,0.0033946447246945
AlatasBanerjeeHannaOlkenTobias_2012,93.0,23.0,7.270092323672566e-35,0.0001162655505173,1,0.003184037029969
AlatasBanerjeeHannaOlkenTobias_2012,94.0,23.0,3.913428666003918e-13,0.0001162655505173,1,0.0036216997715354
AlatasBanerjeeHannaOlkenTobias_2012,95.0,24.0,0.0001812204155172,0.0010463899546564,1,0.0031217995324673
AlatasBanerjeeHannaOlkenTobias_2012,96.0,24.0,0.1323648905445178,0.135565631903267,1,0.0031153002267571
AlatasBanerjeeHannaOlkenTobias_2012,97.0,25.0,0.630301853104469,0.6686431810254622,1,0.0031217995324673
AlatasBanerjeeHannaOlkenTobias_2012,98.0,25.0,0.3341472201604588,0.3589117544471573,1,0.0031153002267571
AlatasBanerjeeHannaOlkenTobias_2012,99.0,26.0,0.2512750920480552,0.2533426345773747,1,0.0031217995324673
AlatasBanerjeeHannaOlkenTobias_2012,100.0,26.0,0.6572259111402856,0.657946750377863,1,0.0031153002267571
AlatasBanerjeeHannaOlkenTobias_2012,101.0,27.0,0.0001624518704536,0.0001162655505173,1,0.0031217995324673
AlatasBanerjeeHannaOlkenTobias_2012,102.0,27.0,0.05260819691462,0.0510405766771305,1,0.0031153002267571
AlatasBanerjeeHannaOlkenTobias_2012,103.0,28.0,5.599949294601735e-07,0.0001162655505173,1,0.0031217995324673
AlatasBanerjeeHannaOlkenTobias_2012,104.0,28.0,0.0001614182287945,0.0010463899546564,1,0.0031153002267571
AlatasBanerjeeHannaOlkenTobias_2012,105.0,29.0,0.0073366682168348,0.0076735263341471,1,0.0031929530155668
AlatasBanerjeeHannaOlkenTobias_2012,106.0,29.0,0.0822480476744087,0.0765027322404371,1,0.0031743096633929
AlatasBanerjeeHannaOlkenTobias_2012,107.0,30.0,0.0320123061393688,0.0336007440995233,1,0.0042096756665922
AlatasBanerjeeHannaOlkenTobias_2012,108.0,30.0,0.1868439546166774,0.185211021974189,1,0.0042034767709165
AlatasBanerjeeHannaOlkenTobias_2012,109.0,31.0,2.0486306476321768e-19,0.0001162655505173,1,0.011347839786403
AlatasBanerjeeHannaOlkenTobias_2012,110.0,31.0,3.9777672361653985e-20,0.0001162655505173,1,0.0112928878820403
AlatasBanerjeeHannaOlkenTobias_2012,111.0,31.0,3.9161706844533303e-17,0.0001162655505173,1,0.0069087169060103
AlatasBanerjeeHannaOlkenTobias_2012,112.0,32.0,0.1038855487774921,0.1225438902453203,1,0.0050955832869103
AlatasBanerjeeHannaOlkenTobias_2012,113.0,32.0,0.1344946273319535,0.1454482036972445,1,0.0050532652644665
AlatasBanerjeeHannaOlkenTobias_2012,114.0,32.0,0.7992520600212701,0.806882920590629,1,0.0030752940268651
AlatasBanerjeeHannaOlkenTobias_2012,115.0,33.0,0.1574463317232936,0.1712591559121032,1,0.0069017478009927
AlatasBanerjeeHannaOlkenTobias_2012,116.0,33.0,0.28540937528972,0.2976398093244971,1,0.0067200443392843
AlatasBanerjeeHannaOlkenTobias_2012,117.0,33.0,0.4204560473436379,0.445645855133124,1,0.0042576187410561
AlatasBanerjeeHannaOlkenTobias_2012,118.0,33.0,0.7013343820110183,0.7108475758632717,1,0.0060029149609253
AlatasBanerjeeHannaOlkenTobias_2012,119.0,33.0,0.7409178617626262,0.7502615974886641,1,0.0055554225496095
AlatasBanerjeeHannaOlkenTobias_2012,120.0,33.0,0.3275038135161912,0.3550749912800837,1,0.0037848143652064
AlatasBanerjeeHannaOlkenTobias_2012,121.0,34.0,0.0581026239409505,0.0606906173700732,1,0.0096899252374911
AlatasBanerjeeHannaOlkenTobias_2012,122.0,34.0,0.7241597413733255,0.7184048366469015,1,0.0095393129766373
AlatasBanerjeeHannaOlkenTobias_2012,123.0,34.0,0.6496806805139499,0.6674805255202884,1,0.0076274134939636
AlatasBanerjeeHannaOlkenTobias_2012,124.0,34.0,0.1329893507756262,0.1448668759446576,1,0.0047021967233817
AlatasBanerjeeHannaOlkenTobias_2012,125.0,34.0,0.7853826892775735,0.7720032554354145,1,0.0093884931371392
AlatasBanerjeeHannaOlkenTobias_2012,126.0,34.0,0.7800303503518734,0.7894430880130218,1,0.0081287867168258
AlatasBanerjeeHannaOlkenTobias_2012,127.0,34.0,0.4265835875041628,0.4314614579700035,1,0.0076797793521448
AlatasBanerjeeHannaOlkenTobias_2012,128.0,34.0,0.9292112821636944,0.9172189280316242,1,0.0045056173151376
AlatasBanerjeeHannaOlkenTobias_2012,129.0,35.0,0.0915504143410432,0.1088245552842692,1,0.0069009593817681
AlatasBanerjeeHannaOlkenTobias_2012,130.0,35.0,0.2543172640130566,0.2602023020579002,1,0.0067189712637683
AlatasBanerjeeHannaOlkenTobias_2012,131.0,35.0,0.4991091345517314,0.531217300313917,1,0.0042573760499461
AlatasBanerjeeHannaOlkenTobias_2012,132.0,35.0,0.0446093862908364,0.0462736891059179,1,0.0060051730927146
AlatasBanerjeeHannaOlkenTobias_2012,133.0,35.0,0.6852506765868074,0.6830601092896175,1,0.00555775021891
AlatasBanerjeeHannaOlkenTobias_2012,134.0,35.0,0.1669447201214166,0.1817230554586676,1,0.003785131368588
AlatasBanerjeeHannaOlkenTobias_2012,135.0,36.0,0.0542162386947233,0.0727822346238809,1,0.0096911156395586
AlatasBanerjeeHannaOlkenTobias_2012,136.0,36.0,0.5994539005403985,0.6120218579234973,1,0.0095401028350189
AlatasBanerjeeHannaOlkenTobias_2012,137.0,36.0,0.2220916494905906,0.254040227880479,1,0.0076294208696235
AlatasBanerjeeHannaOlkenTobias_2012,138.0,36.0,0.2337516645193385,0.2474130915009882,1,0.0047017537969395
AlatasBanerjeeHannaOlkenTobias_2012,139.0,36.0,0.0306335848674449,0.0319730263922799,1,0.0093920416071764
AlatasBanerjeeHannaOlkenTobias_2012,140.0,36.0,0.9676762494101688,0.9682595047087548,1,0.0081314169893649
AlatasBanerjeeHannaOlkenTobias_2012,141.0,36.0,0.1302834496922343,0.1339379141960237,1,0.0076808063151084
AlatasBanerjeeHannaOlkenTobias_2012,142.0,36.0,0.4302928707340588,0.4194861062667132,1,0.0045066707465666
AlatasBanerjeeHannaOlkenTobias_2012,143.0,37.0,0.9459568250206576,0.9448901290547612,0,
AlatasBanerjeeHannaOlkenTobias_2012,144.0,37.0,0.2697442926071987,0.2590396465527264,1,0.0041049781018268
AlatasBanerjeeHannaOlkenTobias_2012,145.0,38.0,0.3074628359768162,0.3098476921288222,1,0.004556347502929
AlatasBanerjeeHannaOlkenTobias_2012,146.0,38.0,0.369170329771413,0.3760027903732124,0,
AlatasBanerjeeHannaOlkenTobias_2012,147.0,38.0,0.130945997162071,0.1255667945587722,1,0.0085585996954437
AlatasBanerjeeHannaOlkenTobias_2012,148.0,39.0,0.9739856020050612,0.9745378444366934,0,
AlatasBanerjeeHannaOlkenTobias_2012,149.0,39.0,0.057684472666326,0.0646436460876642,1,0.0041031728161756
AlatasBanerjeeHannaOlkenTobias_2012,150.0,40.0,0.9706742241580512,0.9727938611789326,1,0.0048467596171251
AlatasBanerjeeHannaOlkenTobias_2012,151.0,40.0,0.0968420050553407,0.1094058830368561,1,0.0064433894731909
AlatasBanerjeeHannaOlkenTobias_2012,152.0,41.0,0.0472184237211317,0.0415068015347052,1,0.0031217995324673
AlatasBanerjeeHannaOlkenTobias_2012,153.0,41.0,0.0415083959502415,0.03685617951401,1,0.0031153002267571
AlatasBanerjeeHannaOlkenTobias_2012,154.0,42.0,4.608540027051819e-16,0.0001162655505173,1,0.0031217995324673
AlatasBanerjeeHannaOlkenTobias_2012,155.0,42.0,1.5028574989545454e-06,0.0001162655505173,1,0.0031153002267571
AlatasBanerjeeHannaOlkenTobias_2012,156.0,43.0,1.6502459105324278e-10,0.0001162655505173,1,0.0031217995324673
AlatasBanerjeeHannaOlkenTobias_2012,157.0,43.0,0.0007803051811366,0.0018602488082781,1,0.0031153002267571
AlatasBanerjeeHannaOlkenTobias_2012,158.0,44.0,0.0017935330149651,0.0017439832577607,1,0.0031261907904173
AlatasBanerjeeHannaOlkenTobias_2012,159.0,44.0,0.0214320198526554,0.0213928612951982,1,0.0031231768106058
AlatasBanerjeeHannaOlkenTobias_2012,160.0,45.0,0.4882000164166031,0.4661085920241832,1,0.0036803987534645
AlatasBanerjeeHannaOlkenTobias_2012,161.0,45.0,0.4696362880851054,0.4647134054179747,1,0.0043489676994562
AlatasBanerjeeHannaOlkenTobias_2012,162.0,45.0,0.0283746117690962,0.0281362632252063,1,0.0041379361371677
AlatasBanerjeeHannaOlkenTobias_2012,163.0,45.0,0.4413716350634623,0.4430880130217416,1,0.0035820299120578
AlatasBanerjeeHannaOlkenTobias_2012,164.0,46.0,4.980169731904976e-15,0.0001162655505173,1,0.0231277508266488
AlatasBanerjeeHannaOlkenTobias_2012,165.0,46.0,5.334838501186385e-16,0.0001162655505173,1,0.0207560230406382
AlatasBanerjeeHannaOlkenTobias_2012,166.0,46.0,0.7066256199244122,0.7078246715498198,1,0.009258075024082
AlatasBanerjeeHannaOlkenTobias_2012,167.0,46.0,2.4551262216852978e-17,0.0001162655505173,1,0.0079798281515621
AlatasBanerjeeHannaOlkenTobias_2012,168.0,46.0,0.500515771206306,0.4994768050226718,1,0.0080080445744561
AlatasBanerjeeHannaOlkenTobias_2012,169.0,47.0,0.6393485965946697,0.6423671666085339,1,0.0045818909368107
AlatasBanerjeeHannaOlkenTobias_2012,170.0,47.0,3.977731644370059e-09,0.0001162655505173,1,0.0043866927928652
AlatasBanerjeeHannaOlkenTobias_2012,171.0,47.0,1.2216237034546672e-06,0.0001162655505173,1,0.0041709203221223
AlatasBanerjeeHannaOlkenTobias_2012,172.0,47.0,0.5901457135142356,0.5858621090570864,1,0.0034881431214308
AlatasBanerjeeHannaOlkenTobias_2012,173.0,48.0,0.1894314575790772,0.2057900244157656,1,0.0101589897878053
AlatasBanerjeeHannaOlkenTobias_2012,174.0,48.0,0.2087552400599757,0.2317172421811417,1,0.0101077127856007
AlatasBanerjeeHannaOlkenTobias_2012,175.0,48.0,0.6120115106512991,0.6382978723404256,1,0.0039087810584848
AlatasBanerjeeHannaOlkenTobias_2012,176.0,48.0,0.7635764869272541,0.7672363678642018,1,0.0037199279986625
AlatasBanerjeeHannaOlkenTobias_2012,177.0,48.0,0.689251761955964,0.7072433437972329,1,0.0031542808673492
AlatasBanerjeeHannaOlkenTobias_2012,178.0,49.0,0.0467786952559973,0.0463899546564353,1,0.0101463920984231
AlatasBanerjeeHannaOlkenTobias_2012,179.0,49.0,0.0419441229281378,0.0389489594233228,1,0.0100927409782809
AlatasBanerjeeHannaOlkenTobias_2012,180.0,49.0,0.5565452893972687,0.5630740611556796,1,0.0039076204789238
AlatasBanerjeeHannaOlkenTobias_2012,181.0,49.0,0.9087673650927792,0.90896407394489,1,0.0037138894131727
AlatasBanerjeeHannaOlkenTobias_2012,182.0,49.0,0.3355361054390356,0.3387978142076502,1,0.0031414503321498
AlatasBanerjeeHannaOlkenTobias_2012,183.0,50.0,1.1139608094627402e-08,0.0001162655505173,1,0.0101463920984231
AlatasBanerjeeHannaOlkenTobias_2012,184.0,50.0,0.0010371792168993,0.0010463899546564,1,0.0100927409782809
AlatasBanerjeeHannaOlkenTobias_2012,185.0,50.0,0.9017116068821291,0.9011742820602257,1,0.0039076204789238
AlatasBanerjeeHannaOlkenTobias_2012,186.0,50.0,0.4359755463093115,0.4257644459946518,1,0.0037138894131727
AlatasBanerjeeHannaOlkenTobias_2012,187.0,50.0,0.1096162980161723,0.1118474595977211,1,0.0031414503321498
AlatasBanerjeeHannaOlkenTobias_2012,188.0,51.0,0.0005368862946376,0.0008138588536216,1,0.0101463920984231
AlatasBanerjeeHannaOlkenTobias_2012,189.0,51.0,0.2113992458562768,0.2106731775374956,1,0.0100927409782809
AlatasBanerjeeHannaOlkenTobias_2012,190.0,51.0,0.1503375956603275,0.1457970003487966,1,0.0039076204789238
AlatasBanerjeeHannaOlkenTobias_2012,191.0,51.0,0.3690786463436689,0.3772817114289036,1,0.0037138894131727
AlatasBanerjeeHannaOlkenTobias_2012,192.0,51.0,0.2448413546739776,0.2386931752121846,1,0.0031414503321498
AlatasBanerjeeHannaOlkenTobias_2012,193.0,52.0,0.1033200009051471,0.0996395767933961,1,0.0102061874304656
AlatasBanerjeeHannaOlkenTobias_2012,194.0,52.0,0.2870917360277332,0.2876409719800023,1,0.0101385236516365
AlatasBanerjeeHannaOlkenTobias_2012,195.0,52.0,0.6658708412731638,0.6691082432275317,1,0.0039471665225039
AlatasBanerjeeHannaOlkenTobias_2012,196.0,52.0,0.5973430149739878,0.5990001162655505,1,0.0037959186069724
AlatasBanerjeeHannaOlkenTobias_2012,197.0,52.0,0.0543306111722578,0.0492965934193698,1,0.0032087841688014
AngristLavy_2009,1.0,1.0,0.0851260559718779,0.3333333333333333,1,0.0749600067458718
AngristLavy_2009,2.0,2.0,0.0775110557974034,0.3333333333333333,1,0.0749600067458718
AngristLavy_2009,3.0,3.0,0.0268845057866538,0.3333333333333333,1,0.07830462641052
AngristLavy_2009,4.0,4.0,0.0326586337344008,0.3333333333333333,1,0.07830462641052
AngristLavy_2009,5.0,5.0,0.8422097396689197,1.0,1,0.0717538661487345
AngristLavy_2009,6.0,6.0,0.8414572781959324,1.0,1,0.0717538661487345
AngristLavy_2009,7.0,7.0,0.6073114187228026,0.6666666666666666,1,0.0658765899145797
AngristLavy_2009,8.0,8.0,0.6053047125869944,0.6666666666666666,1,0.0658765899145796
AngristLavy_2009,9.0,9.0,0.2517381418439628,0.3333333333333333,1,0.0695983041187291
AngristLavy_2009,10.0,10.0,0.2527246388132337,0.3333333333333333,1,0.0695983041187291
AngristLavy_2009,11.0,11.0,0.2659940877755832,0.3333333333333333,1,0.064280923286289
AngristLavy_2009,12.0,12.0,0.2076510093166381,0.3333333333333333,1,0.064280923286289
AngristLavy_2009,13.0,13.0,0.1804834943327807,0.3333333333333333,1,0.0653097840481819
AngristLavy_2009,14.0,14.0,0.2332547094906019,0.3333333333333333,1,0.0653097840481819
AngristLavy_2009,15.0,15.0,0.0620147231086221,0.3333333333333333,1,0.0646074232633282
AngristLavy_2009,16.0,16.0,0.1324764388396156,0.3333333333333333,1,0.0646074232633282
AngristLavy_2009,17.0,17.0,0.0089885469529431,0.3333333333333333,1,0.1003754890342543
AngristLavy_2009,18.0,18.0,0.3966767262586577,0.3333333333333333,1,0.0598352361952147
AngristLavy_2009,19.0,19.0,0.0118917655969597,0.3333333333333333,1,0.1015395162990224
AngristLavy_2009,20.0,20.0,0.5073400395356424,0.6666666666666666,1,0.0608932657867749
AngristLavy_2009,21.0,21.0,0.0072890712872546,0.3333333333333333,1,0.0990049330662139
AngristLavy_2009,22.0,22.0,0.3388204788730311,0.3333333333333333,1,0.0594445824876669
AngristLavy_2009,23.0,23.0,0.0081965167239143,0.3333333333333333,1,0.100478027159776
AngristLavy_2009,24.0,24.0,0.460951049665132,0.3333333333333333,1,0.0612007841400267
AngristLavy_2009,25.0,25.0,0.8796655981815523,1.0,1,0.0915878025270531
AngristLavy_2009,26.0,26.0,0.6860985965653761,0.6666666666666666,1,0.11234574314575
AngristLavy_2009,27.0,27.0,0.536092289236104,1.0,1,0.0907665206684376
AngristLavy_2009,28.0,28.0,0.7817116409082703,1.0,1,0.1076428758615175
AngristLavy_2009,29.0,29.0,0.914534261792239,1.0,1,0.093104777842763
AngristLavy_2009,30.0,30.0,0.6967472766677387,1.0,1,0.1109970834223802
AngristLavy_2009,31.0,31.0,0.5754922965359472,0.6666666666666666,1,0.0887135854544671
AngristLavy_2009,32.0,32.0,0.9697186544963684,1.0,1,0.1117779655256343
AngristLavy_2009,33.0,33.0,0.0283639054357116,0.6666666666666666,1,0.08584658286392
AngristLavy_2009,34.0,34.0,0.0167247829357354,0.6666666666666666,1,0.0852962573734305
AngristLavy_2009,35.0,35.0,0.0600484053196234,0.3333333333333333,1,0.0922363076410925
AngristLavy_2009,36.0,36.0,0.1001396219806031,0.6666666666666666,1,0.092224237245898
AngristLavy_2009,37.0,37.0,0.0582832765538481,0.6666666666666666,1,0.0882772165289299
AngristLavy_2009,38.0,38.0,0.0346162856539834,0.6666666666666666,1,0.087740687595067
AngristLavy_2009,39.0,39.0,0.1881404482176597,0.6666666666666666,1,0.0812672110483166
AngristLavy_2009,40.0,40.0,0.1554193180868223,0.6666666666666666,1,0.0813379408434326
AngristLavy_2009,41.0,41.0,0.3420645422572945,1.0,1,0.0693407894278972
AngristLavy_2009,42.0,42.0,0.4456421111841254,1.0,1,0.0689903480695043
AngristLavy_2009,43.0,43.0,0.3763002026828035,0.6666666666666666,1,0.1788965582618951
AngristLavy_2009,44.0,44.0,0.4156861380164653,0.6666666666666666,1,0.1782476653796972
AngristLavy_2009,45.0,45.0,0.5137962712550667,1.0,1,0.0710080422187678
AngristLavy_2009,46.0,46.0,0.8945280193584577,1.0,1,0.0695164468039147
AngristLavy_2009,47.0,47.0,0.0999262711040852,0.3333333333333333,1,0.1856825688610374
AngristLavy_2009,48.0,48.0,0.0829699821741153,0.3333333333333333,1,0.187478339455729
AngristLavy_2009,49.0,49.0,0.0002541991189088,0.3333333333333333,1,0.100847401249166
AngristLavy_2009,50.0,50.0,0.0001898175837543,0.3333333333333333,1,0.1007624344626046
AngristLavy_2009,51.0,51.0,0.7174951248178092,0.6666666666666666,1,0.0785080104382448
AngristLavy_2009,52.0,52.0,0.7512254489977812,0.6666666666666666,1,0.0784444611699314
AngristLavy_2009,53.0,53.0,0.0015441463423942,0.3333333333333333,1,0.101128059782721
AngristLavy_2009,54.0,54.0,0.0005778596935721,0.3333333333333333,1,0.1007707883645687
AngristLavy_2009,55.0,55.0,0.6961594272270197,0.6666666666666666,1,0.0818039966711274
AngristLavy_2009,56.0,56.0,0.6168973637500126,0.3333333333333333,1,0.0821659111483946
AngristLavy_2009,57.0,57.0,0.8106472604234853,0.6666666666666666,1,0.0942177843031804
AngristLavy_2009,58.0,58.0,0.978678741074418,0.6666666666666666,1,0.094374028015672
AngristLavy_2009,59.0,59.0,0.3413772385512198,1.0,1,0.1614401544559978
AngristLavy_2009,60.0,60.0,0.3870233986427347,1.0,1,0.161538159547831
AngristLavy_2009,61.0,61.0,0.6833418175392538,1.0,1,0.093596093401853
AngristLavy_2009,62.0,62.0,0.7508039072923522,1.0,1,0.0937280324356767
AngristLavy_2009,63.0,63.0,0.3806601710810371,1.0,1,0.1611514714273707
AngristLavy_2009,64.0,64.0,0.312872342949128,1.0,1,0.161120380034953
AngristLavy_2009,65.0,65.0,0.0005993974608544,0.6666666666666666,1,0.0908853186269433
AngristLavy_2009,66.0,66.0,0.0003618814805596,0.6666666666666666,1,0.0909580774574295
AngristLavy_2009,67.0,67.0,0.3440315756017889,0.3333333333333333,1,0.0781319639928539
AngristLavy_2009,68.0,68.0,0.4116906857769042,0.3333333333333333,1,0.0781062511909779
AngristLavy_2009,69.0,69.0,0.0026806028944201,0.6666666666666666,1,0.0948358888237856
AngristLavy_2009,70.0,70.0,0.0010027056187441,0.6666666666666666,1,0.0947454287256388
AngristLavy_2009,71.0,71.0,0.4344333327325081,0.3333333333333333,1,0.0660331888971887
AngristLavy_2009,72.0,72.0,0.3605082638749732,0.3333333333333333,1,0.0660941889500829
AngristLavy_2009,73.0,73.0,0.5639325459513846,1.0,1,0.0850995922790745
AngristLavy_2009,74.0,74.0,0.7574904118710286,1.0,1,0.0851301638044318
AngristLavy_2009,75.0,75.0,0.6173968767810268,0.6666666666666666,1,0.1623535996204714
AngristLavy_2009,76.0,76.0,0.6298680996426562,1.0,1,0.1624143064314452
AngristLavy_2009,77.0,77.0,0.6284342886191039,1.0,1,0.0856779191320882
AngristLavy_2009,78.0,78.0,0.8517109325524432,1.0,1,0.0854498732133202
AngristLavy_2009,79.0,79.0,0.9858742363003526,1.0,1,0.1614660967541398
AngristLavy_2009,80.0,80.0,0.9775230786130517,1.0,1,0.162049035697314
AngristLavy_2009,81.0,81.0,0.0047376179423333,0.3333333333333333,1,0.1070056492321943
AngristLavy_2009,82.0,82.0,0.0033585831472437,0.3333333333333333,1,0.1058950923677306
AngristLavy_2009,83.0,83.0,0.0839916928878135,0.3333333333333333,1,0.0979810195678688
AngristLavy_2009,84.0,84.0,0.1307210382069286,0.3333333333333333,1,0.0943820116513123
AngristLavy_2009,85.0,85.0,0.0124922517665638,0.3333333333333333,1,0.1880784685691779
AngristLavy_2009,86.0,86.0,0.0091862962417051,0.3333333333333333,1,0.1803611425629863
AngristLavy_2009,87.0,87.0,0.0397319640165425,0.6666666666666666,1,0.1081155063676871
AngristLavy_2009,88.0,88.0,0.0400971120994424,0.6666666666666666,1,0.1139494452615009
AngristLavy_2009,89.0,89.0,0.8069289619639104,1.0,1,0.1201276619248953
AngristLavy_2009,90.0,90.0,0.7619334850942865,1.0,1,0.1231875474396398
AngristLavy_2009,91.0,91.0,0.9495520363759452,1.0,1,0.0876292985677219
AngristLavy_2009,92.0,92.0,0.950302240985847,1.0,1,0.088018155360924
AngristLavy_2009,93.0,93.0,0.4143825777383217,1.0,1,0.1079657614333882
AngristLavy_2009,94.0,94.0,0.4134641211212155,1.0,1,0.1096302838070916
AngristLavy_2009,95.0,95.0,0.9294585299950552,1.0,1,0.0794484347269409
AngristLavy_2009,96.0,96.0,0.9190580455163828,1.0,1,0.0798446705039506
AngristLavy_2009,97.0,97.0,0.016171010452503,0.6666666666666666,1,0.0986846281834414
AngristLavy_2009,98.0,98.0,0.0122775606874823,0.6666666666666666,1,0.0980950611726326
AngristLavy_2009,99.0,99.0,0.66192605731451,1.0,1,0.0859468617391441
AngristLavy_2009,100.0,100.0,0.5362134709516169,1.0,1,0.085865927882985
AngristLavy_2009,101.0,101.0,0.0165471672627219,0.6666666666666666,1,0.1392793450301136
AngristLavy_2009,102.0,102.0,0.0092396949065047,0.3333333333333333,1,0.138344309498882
AngristLavy_2009,103.0,103.0,0.5789816061166693,1.0,1,0.0921199683912365
AngristLavy_2009,104.0,104.0,0.5131171250906978,1.0,1,0.0931451455929735
AngristLavy_2009,105.0,105.0,0.6350770661288536,0.6666666666666666,1,0.0979493995047825
AngristLavy_2009,106.0,106.0,0.6345128657882255,0.6666666666666666,1,0.097559338673807
AngristLavy_2009,107.0,107.0,0.1893729634650042,0.3333333333333333,1,0.1143366453407494
AngristLavy_2009,108.0,108.0,0.1917182523645156,0.3333333333333333,1,0.1142027316800361
AngristLavy_2009,109.0,109.0,0.6603382689764257,1.0,1,0.1164823785468158
AngristLavy_2009,110.0,110.0,0.9910113254978978,1.0,1,0.116421124051085
AngristLavy_2009,111.0,111.0,0.3335477374370735,0.3333333333333333,1,0.0829088929750231
AngristLavy_2009,112.0,112.0,0.5751369612742363,1.0,1,0.0845166921580192
AngristLavy_2009,113.0,113.0,0.4564922265070273,0.6666666666666666,1,0.0892267298482007
AngristLavy_2009,114.0,114.0,0.0577339653051875,0.3333333333333333,1,0.0892267298482007
AngristLavy_2009,115.0,115.0,0.2353328356264327,0.3333333333333333,1,0.0865909106923461
AngristLavy_2009,116.0,116.0,0.6459513679352451,0.6666666666666666,1,0.08584658286392
AngristLavy_2009,117.0,117.0,0.1290851360989782,0.6666666666666666,1,0.0884244517531191
AngristLavy_2009,118.0,118.0,0.0941116224093272,0.6666666666666666,1,0.0884244517531192
AngristLavy_2009,119.0,119.0,0.2303713698503309,0.3333333333333333,1,0.08584658286392
AngristLavy_2009,120.0,120.0,0.2946453220969162,0.6666666666666666,1,0.0869015808338924
AngristLavy_2009,121.0,121.0,0.0497315230607124,0.6666666666666666,1,0.08584658286392
AngristLavy_2009,122.0,122.0,0.7947964011460182,1.0,1,0.08584658286392
AngristLavy_2009,123.0,123.0,0.0063244253733631,0.6666666666666666,1,0.0880229071154954
AngristLavy_2009,124.0,124.0,0.0378895096838726,1.0,1,0.0917303652223321
AngristLavy_2009,125.0,125.0,0.1724498690849326,1.0,1,0.0902063918134351
AngristLavy_2009,126.0,126.0,0.2408600593635723,1.0,1,0.0945410449439393
AngristLavy_2009,127.0,127.0,0.1001482497457709,1.0,1,0.0955287426185431
AngristLavy_2009,128.0,128.0,0.7488859425747794,0.6666666666666666,1,0.074353770170416
AngristLavy_2009,129.0,129.0,0.3904770496716321,0.6666666666666666,1,0.074353770170416
AngristLavy_2009,130.0,130.0,0.9568469853331704,0.6666666666666666,1,0.069396686366856
AngristLavy_2009,131.0,131.0,0.7950442593372644,1.0,1,0.069396686366856
AngristLavy_2009,132.0,132.0,0.7224857933401736,1.0,1,0.0713683179759464
AngristLavy_2009,133.0,133.0,0.689053802351618,0.6666666666666666,1,0.0713683179759464
AngristLavy_2009,134.0,134.0,0.83221016951968,1.0,1,0.0713683179759464
AngristLavy_2009,135.0,135.0,0.4188272660770484,0.6666666666666666,1,0.069396686366856
AngristLavy_2009,136.0,136.0,0.6454421969112651,1.0,1,0.0693407894278972
AngristLavy_2009,137.0,137.0,0.9801835166069404,1.0,1,0.074353770170416
AngristLavy_2009,138.0,138.0,0.9669476179745776,1.0,1,0.0664939544440189
AngristLavy_2009,139.0,139.0,0.1096849573890952,0.3333333333333333,1,0.0758626736772059
AngristLavy_2009,140.0,140.0,0.0275940328292384,0.3333333333333333,1,0.0781103954601062
AngristLavy_2009,141.0,141.0,0.1494722845307512,0.3333333333333333,1,0.0871824489605331
AngristLavy_2009,142.0,142.0,0.2835582412428739,0.3333333333333333,1,0.0990795144547571
AngristLavy_2009,143.0,143.0,0.0389927080996505,0.3333333333333333,1,0.1003754890342543
AngristLavy_2009,144.0,144.0,0.0155208239933197,0.3333333333333333,1,0.1003754890342543
AngristLavy_2009,145.0,145.0,0.0501895558358239,0.3333333333333333,1,0.1003754890342543
AngristLavy_2009,146.0,146.0,0.2290997147481894,0.3333333333333333,1,0.1003754890342543
AngristLavy_2009,147.0,147.0,0.0033742788865794,0.3333333333333333,1,0.1003754890342543
AngristLavy_2009,148.0,148.0,0.0109775905219985,0.3333333333333333,1,0.1003754890342543
AngristLavy_2009,149.0,149.0,0.0101924017988276,0.3333333333333333,1,0.1003754890342543
AngristLavy_2009,150.0,150.0,0.072614351623626,0.3333333333333333,1,0.1014443235814714
AngristLavy_2009,151.0,151.0,0.0093436005935137,0.3333333333333333,1,0.1003754890342543
AngristLavy_2009,152.0,152.0,0.0205822437883399,0.3333333333333333,1,0.1003754890342543
AngristLavy_2009,153.0,153.0,0.0192999234158298,0.3333333333333333,1,0.1003754890342543
AngristLavy_2009,154.0,154.0,0.0328728683573775,0.3333333333333333,1,0.1131448433884053
AngristLavy_2009,155.0,155.0,0.0553390329285456,0.3333333333333333,1,0.1160077507259345
AngristLavy_2009,156.0,156.0,0.0555331400104365,0.3333333333333333,1,0.1139594066962367
AngristLavy_2009,157.0,157.0,0.0786062532322766,0.3333333333333333,1,0.1150951883056892
AngristLavy_2009,158.0,158.0,0.4454131334924576,0.3333333333333333,1,0.0915878025270531
AngristLavy_2009,159.0,159.0,0.3409931131273991,0.3333333333333333,1,0.0915878025270531
AngristLavy_2009,160.0,160.0,0.407498196563221,0.3333333333333333,1,0.0915878025270531
AngristLavy_2009,161.0,161.0,0.5388551979250858,0.6666666666666666,1,0.0915878025270531
AngristLavy_2009,162.0,162.0,0.4050905381592167,0.3333333333333333,1,0.0915878025270531
AngristLavy_2009,163.0,163.0,0.3732238125407147,0.3333333333333333,1,0.0915878025270531
AngristLavy_2009,164.0,164.0,0.4659557402921505,0.3333333333333333,1,0.0915878025270531
AngristLavy_2009,165.0,165.0,0.4758953295628549,0.6666666666666666,1,0.0915878025270531
AngristLavy_2009,166.0,166.0,0.9473848031664938,1.0,1,0.0915878025270531
AngristLavy_2009,167.0,167.0,0.1473711249574864,0.3333333333333333,1,0.0915878025270531
AngristLavy_2009,168.0,168.0,0.9664008434967946,1.0,1,0.0915878025270531
AngristLavy_2009,169.0,169.0,0.6177571584269925,1.0,1,0.092292056556486
AngristLavy_2009,170.0,170.0,0.4643452076155361,0.6666666666666666,1,0.0945625317065044
AngristLavy_2009,171.0,171.0,0.5805262849770868,1.0,1,0.1114965695969529
AngristLavy_2009,172.0,172.0,0.592309048148596,1.0,1,0.1176930011037717
AngristLavy_2009,173.0,173.0,0.0458745803771666,0.6666666666666666,1,0.0905466857721716
AngristLavy_2009,174.0,174.0,0.184614832820666,0.3333333333333333,1,0.0794677357606376
AngristLavy_2009,175.0,175.0,0.0402254546593633,0.6666666666666666,1,0.0885454269151157
AngristLavy_2009,176.0,176.0,0.2350451799686991,0.3333333333333333,1,0.0794442562218917
AngristLavy_2009,177.0,177.0,0.7568852439064957,0.6666666666666666,1,0.0922562203118291
AngristLavy_2009,178.0,178.0,0.8144934678293421,0.6666666666666666,1,0.0751103871419637
AngristLavy_2009,179.0,179.0,0.7760720793555771,0.6666666666666666,1,0.0937952173504575
AngristLavy_2009,180.0,180.0,0.8163837898422548,0.6666666666666666,1,0.074759826979642
AshrafBerryShapiro_2010,1.0,1.0,1.7709582999418005e-12,9.999000099990002e-05,1,0.0027665597229941
AshrafBerryShapiro_2010,2.0,2.0,6.221733731054569e-12,9.999000099990002e-05,1,0.0038134566663073
AshrafBerryShapiro_2010,3.0,3.0,1.4938952234487865e-12,9.999000099990002e-05,1,0.0031411111638188
AshrafBerryShapiro_2010,4.0,4.0,0.012484774117376,0.0137986201379862,1,0.0118651614935538
AshrafBerryShapiro_2010,5.0,4.0,0.1133194498975033,0.1073892610738926,0,
AshrafBerryShapiro_2010,6.0,4.0,0.1305609072541992,0.1267873212678732,0,
AshrafBerryShapiro_2010,7.0,4.0,0.1479517563506545,0.1476852314768523,0,
AshrafBerryShapiro_2010,8.0,4.0,0.1616485795351537,0.1657834216578342,0,
AshrafBerryShapiro_2010,9.0,4.0,0.8772667176020216,0.8779122087791221,0,
AshrafBerryShapiro_2010,10.0,4.0,0.7116328696123422,0.7055294470552945,0,
AshrafBerryShapiro_2010,11.0,4.0,0.2268247619759332,0.2369264676417551,0,
AshrafBerryShapiro_2010,12.0,5.0,0.0098764594784427,0.0123987601239876,1,0.0123429427146697
AshrafBerryShapiro_2010,13.0,5.0,0.2885166269913406,0.2866713328667133,0,
AshrafBerryShapiro_2010,14.0,5.0,0.3258746175933585,0.3206679332066793,0,
AshrafBerryShapiro_2010,15.0,5.0,0.4154283272505337,0.4106589341065893,0,
AshrafBerryShapiro_2010,16.0,5.0,0.5978460450683125,0.6023397660233977,0,
AshrafBerryShapiro_2010,17.0,5.0,0.7613178326630663,0.7590240975902409,0,
AshrafBerryShapiro_2010,18.0,5.0,0.8788686747338261,0.8772122787721228,0,
AshrafBerryShapiro_2010,19.0,5.0,0.1318595514062579,0.1372607955114718,0,
AshrafBerryShapiro_2010,20.0,6.0,0.0326110358737495,0.0304969503049695,1,0.0121018349962225
AshrafBerryShapiro_2010,21.0,6.0,0.3434945282385542,0.3395660433956604,0,
AshrafBerryShapiro_2010,22.0,6.0,0.0915405686838586,0.0836916308369163,0,
AshrafBerryShapiro_2010,23.0,6.0,0.3888736036520722,0.3826617338266173,0,
AshrafBerryShapiro_2010,24.0,6.0,0.6955979347984966,0.6954304569543046,0,
AshrafBerryShapiro_2010,25.0,6.0,0.3910346127756757,0.3955604439556044,0,
AshrafBerryShapiro_2010,26.0,6.0,0.8781866939646896,0.8773122687731227,0,
AshrafBerryShapiro_2010,27.0,6.0,0.0956700311809028,0.0966836990281534,0,
AshrafBerryShapiro_2010,28.0,7.0,0.0079729793071366,0.0086991300869913,1,0.012688696481996
AshrafBerryShapiro_2010,29.0,7.0,0.5397963789728781,0.538046195380462,0,
AshrafBerryShapiro_2010,30.0,7.0,0.1720423816863807,0.1657834216578342,0,
AshrafBerryShapiro_2010,31.0,7.0,0.3771603395203389,0.378962103789621,0,
AshrafBerryShapiro_2010,32.0,7.0,0.6252514181052115,0.6314368563143685,0,
AshrafBerryShapiro_2010,33.0,7.0,0.1968226021660532,0.1953804619538046,0,
AshrafBerryShapiro_2010,34.0,7.0,0.664294439590347,0.6651334866513349,0,
AshrafBerryShapiro_2010,35.0,7.0,0.2109620232693003,0.2186372745490982,0,
AshrafBerryShapiro_2010,36.0,8.0,0.4685114471291541,0.4670532946705329,1,0.0216217889556568
AshrafBerryShapiro_2010,37.0,8.0,0.2675401595117055,0.2682731726827317,0,
AshrafBerryShapiro_2010,38.0,8.0,0.0373019193896941,0.0388961103889611,0,
AshrafBerryShapiro_2010,39.0,8.0,0.0102914602505884,0.0110988901109889,0,
AshrafBerryShapiro_2010,40.0,8.0,0.2503712071296938,0.2482751724827517,0,
AshrafBerryShapiro_2010,41.0,8.0,0.0331433856621351,0.0333966603339666,0,
AshrafBerryShapiro_2010,42.0,9.0,0.7760534658795031,0.7817218278172183,1,0.0252291904007247
AshrafBerryShapiro_2010,43.0,9.0,0.4033864529260593,0.4005599440055994,1,0.0397265442684223
AshrafBerryShapiro_2010,44.0,9.0,0.4329607148955691,0.4366563343665633,0,
AshrafBerryShapiro_2010,45.0,9.0,0.0674209997287367,0.0694930506949305,0,
AshrafBerryShapiro_2010,46.0,9.0,0.0410665921201776,0.0451954804519548,0,
AshrafBerryShapiro_2010,47.0,9.0,0.4864184727007398,0.4895510448955104,0,
AshrafBerryShapiro_2010,48.0,9.0,0.0431022979170797,0.0440955904409559,0,
AshrafBerryShapiro_2010,49.0,9.0,0.5785045679373954,0.581041895810419,0,
AshrafBerryShapiro_2010,50.0,9.0,0.7160441530561072,0.7132286771322868,0,
AshrafBerryShapiro_2010,51.0,9.0,0.4608889970927594,0.4607539246075392,0,
AshrafBerryShapiro_2010,52.0,9.0,0.6200291577977499,0.6119388061193881,0,
AshrafBerryShapiro_2010,53.0,9.0,0.6470936017778572,0.6393,0,
AshrafBerryShapiro_2010,54.0,10.0,0.2016826042695008,0.1988801119888011,1,0.0071530679303067
AshrafBerryShapiro_2010,55.0,10.0,0.2430129966690097,0.2467753224677532,0,
AshrafBerryShapiro_2010,56.0,10.0,0.0292396883892553,0.0300969903009699,0,
AshrafBerryShapiro_2010,57.0,10.0,0.0063781937001759,0.0072992700729927,0,
AshrafBerryShapiro_2010,58.0,10.0,0.1839079422519188,0.1837816218378162,0,
AshrafBerryShapiro_2010,59.0,10.0,0.0191062197121344,0.0205979402059794,0,
AshrafBerryShapiro_2010,60.0,11.0,0.4537496285574494,0.4531546845315468,1,0.0093435882504448
AshrafBerryShapiro_2010,61.0,11.0,0.1999924738466808,0.1971802819718028,1,0.0284249274509929
AshrafBerryShapiro_2010,62.0,11.0,0.4147853526317429,0.4158584141585841,0,
AshrafBerryShapiro_2010,63.0,11.0,0.0618851086916212,0.0620937906209379,0,
AshrafBerryShapiro_2010,64.0,11.0,0.0334057209129591,0.0363963603639636,0,
AshrafBerryShapiro_2010,65.0,11.0,0.4443842782141375,0.4460553944605539,0,
AshrafBerryShapiro_2010,66.0,11.0,0.0304918021971492,0.0313968603139686,0,
AshrafBerryShapiro_2010,67.0,11.0,0.5275277918040382,0.528047195280472,0,
AshrafBerryShapiro_2010,68.0,11.0,0.7909340026417102,0.7881211878812119,0,
AshrafBerryShapiro_2010,69.0,11.0,0.3708196693762966,0.3721627837216278,0,
AshrafBerryShapiro_2010,70.0,11.0,0.489805330386258,0.4876512348765123,0,
AshrafBerryShapiro_2010,71.0,11.0,0.599080392417966,0.5895,0,
AshrafBerryShapiro_2010,72.0,12.0,0.593954364554869,0.5987401259874012,1,0.0215016495069795
AshrafBerryShapiro_2010,73.0,12.0,0.6256486644650859,0.6218378162183782,0,
AshrafBerryShapiro_2010,74.0,12.0,0.8369789250353745,0.8396160383961604,0,
AshrafBerryShapiro_2010,75.0,12.0,0.0680453249614527,0.0706929307069293,0,
AshrafBerryShapiro_2010,76.0,12.0,0.4040517151075116,0.4048595140485951,0,
AshrafBerryShapiro_2010,77.0,12.0,0.1407464937309837,0.1408859114088591,0,
AshrafBerryShapiro_2010,78.0,13.0,0.5900075349310432,0.5904409559044096,1,0.0251344689649587
AshrafBerryShapiro_2010,79.0,13.0,0.9411395630157744,0.9424057594240576,1,0.0377547421532063
AshrafBerryShapiro_2010,80.0,13.0,0.7525548915667969,0.7464253574642535,0,
AshrafBerryShapiro_2010,81.0,13.0,0.5001884522445004,0.5024497550244975,0,
AshrafBerryShapiro_2010,82.0,13.0,0.0632231990132458,0.0637936206379362,0,
AshrafBerryShapiro_2010,83.0,13.0,0.7557425895924963,0.7535246475352465,0,
AshrafBerryShapiro_2010,84.0,13.0,0.0683936160753811,0.0694930506949305,0,
AshrafBerryShapiro_2010,85.0,13.0,0.051586701873671,0.057994200579942,0,
AshrafBerryShapiro_2010,86.0,13.0,0.1260827456282282,0.1363863613638636,0,
AshrafBerryShapiro_2010,87.0,13.0,0.4474358589356748,0.4626537346265373,0,
AshrafBerryShapiro_2010,88.0,13.0,0.55478695708565,0.5615438456154385,0,
AshrafBerryShapiro_2010,89.0,13.0,0.3402277879252173,0.3601,0,
AshrafBerryShapiro_2010,90.0,14.0,0.4699808792558388,0.457954204579542,1,0.007150113922851
AshrafBerryShapiro_2010,91.0,14.0,0.6137813209323913,0.6119388061193881,0,
AshrafBerryShapiro_2010,92.0,14.0,0.9392222184656632,0.9404059594040596,0,
AshrafBerryShapiro_2010,93.0,14.0,0.0762920516489535,0.078992100789921,0,
AshrafBerryShapiro_2010,94.0,14.0,0.516209329269625,0.5155484451554845,0,
AshrafBerryShapiro_2010,95.0,14.0,0.1627515513323754,0.1635836416358364,0,
AshrafBerryShapiro_2010,96.0,15.0,0.6262614821201766,0.6193380661933806,1,0.0093303838961274
AshrafBerryShapiro_2010,97.0,15.0,0.6113888170516497,0.6140385961403859,1,0.029824709752447
AshrafBerryShapiro_2010,98.0,15.0,0.7551066820660566,0.7523247675232477,0,
AshrafBerryShapiro_2010,99.0,15.0,0.5739660491650501,0.5754424557544245,0,
AshrafBerryShapiro_2010,100.0,15.0,0.0694678567347512,0.0695930406959304,0,
AshrafBerryShapiro_2010,101.0,15.0,0.9007314572169016,0.8968103189681031,0,
AshrafBerryShapiro_2010,102.0,15.0,0.078405531691717,0.0772922707729227,0,
AshrafBerryShapiro_2010,103.0,15.0,0.0446953847089496,0.0506949305069493,0,
AshrafBerryShapiro_2010,104.0,15.0,0.1042120474527675,0.1123887611238876,0,
AshrafBerryShapiro_2010,105.0,15.0,0.3778088742328942,0.3992600739926007,0,
AshrafBerryShapiro_2010,106.0,15.0,0.5988102557842381,0.6045395460453955,0,
AshrafBerryShapiro_2010,107.0,15.0,0.2991582343025964,0.3137,0,
AshrafBerryShapiro_2010,108.0,16.0,0.5674987407111615,0.5629437056294371,1,0.0136052244971556
AshrafBerryShapiro_2010,109.0,16.0,0.1802000729386408,0.1750824917508249,0,
AshrafBerryShapiro_2010,110.0,16.0,0.1881289620860086,0.1924807519248075,0,
AshrafBerryShapiro_2010,111.0,16.0,0.5713943749690471,0.5734426557344265,0,
AshrafBerryShapiro_2010,112.0,16.0,0.5346879269136036,0.5415458454154585,0,
AshrafBerryShapiro_2010,113.0,16.0,0.1152489067514075,0.1120887911208879,0,
AshrafBerryShapiro_2010,114.0,16.0,0.8380685298323429,0.8454154584541546,0,
AshrafBerryShapiro_2010,115.0,16.0,0.3522189665946289,0.3533373542420587,0,
AshrafBerryShapiro_2010,116.0,17.0,0.1847105213440052,0.1888811118888111,1,0.0503701424941919
AshrafBerryShapiro_2010,117.0,17.0,0.2499609285091535,0.2431756824317568,0,
AshrafBerryShapiro_2010,118.0,17.0,0.8672473599569853,0.8702129787021298,0,
AshrafBerryShapiro_2010,119.0,17.0,0.5666876532541086,0.5711428857114289,0,
AshrafBerryShapiro_2010,120.0,17.0,0.8395701425904706,0.8356164383561644,0,
AshrafBerryShapiro_2010,121.0,17.0,0.97318246472713,0.973879103282626,0,
AshrafBerryShapiro_2010,122.0,17.0,0.6236442005338545,0.661069014949826,0,
AshrafBerryShapiro_2010,123.0,18.0,0.1496066048340918,0.1531846815318468,1,0.0503701424941919
AshrafBerryShapiro_2010,124.0,18.0,0.1735578731197282,0.1766823317668233,0,
AshrafBerryShapiro_2010,125.0,18.0,0.281809440603686,0.2795720427957204,0,
AshrafBerryShapiro_2010,126.0,18.0,0.5985394878988126,0.6008399160083991,0,
AshrafBerryShapiro_2010,127.0,18.0,0.6357178256374638,0.6393360663933607,0,
AshrafBerryShapiro_2010,128.0,18.0,0.8645707762950524,0.8684947958366693,0,
AshrafBerryShapiro_2010,129.0,18.0,0.5139848667837541,0.5695269301658816,0,
AshrafBerryShapiro_2010,130.0,19.0,0.3048900510087088,0.3027697230276972,1,0.0125121141030832
AshrafBerryShapiro_2010,131.0,19.0,0.8611440343536134,0.8620137986201379,0,
AshrafBerryShapiro_2010,132.0,19.0,0.9382059196885544,0.9388061193880612,0,
AshrafBerryShapiro_2010,133.0,19.0,0.8426538712664714,0.8392160783921608,0,
AshrafBerryShapiro_2010,134.0,19.0,0.5314473749415946,0.5304469553044695,0,
AshrafBerryShapiro_2010,135.0,19.0,0.1721371115639141,0.1791820817918208,0,
AshrafBerryShapiro_2010,136.0,19.0,0.2691239522033186,0.2595740425957404,0,
AshrafBerryShapiro_2010,137.0,19.0,0.5328885314600769,0.5908771929824561,0,
AshrafBerryShapiro_2010,138.0,20.0,0.0917154173758497,0.0916908309169083,1,0.0176869533952171
AshrafBerryShapiro_2010,139.0,20.0,0.8925419147540712,0.8914108589141085,0,
AshrafBerryShapiro_2010,140.0,20.0,0.419256862391604,0.4166583341665833,0,
AshrafBerryShapiro_2010,141.0,20.0,0.5235810814874309,0.5267473252674733,0,
AshrafBerryShapiro_2010,142.0,20.0,0.7650757262635122,0.7663233676632337,0,
AshrafBerryShapiro_2010,143.0,20.0,0.1230813722135594,0.1296870312968703,0,
AshrafBerryShapiro_2010,144.0,20.0,0.5291756384167543,0.5338,0,
AshrafBerryShapiro_2010,145.0,20.0,0.6258528881749645,0.736241127456023,0,
AshrafBerryShapiro_2010,146.0,21.0,3.372117576150143e-12,9.999000099990002e-05,1,0.0027665597229941
AshrafBerryShapiro_2010,147.0,22.0,0.0124085771419075,0.0140985901409859,1,0.0118651614935538
AshrafBerryShapiro_2010,148.0,22.0,0.1128398112861422,0.1081891810818918,0,
AshrafBerryShapiro_2010,149.0,22.0,0.1284944383369332,0.1258874112588741,0,
AshrafBerryShapiro_2010,150.0,22.0,0.1489385947998313,0.148985101489851,0,
AshrafBerryShapiro_2010,151.0,22.0,0.1618227949810432,0.1663833616638336,0,
AshrafBerryShapiro_2010,152.0,22.0,0.8767964606427674,0.8787121287871212,0,
AshrafBerryShapiro_2010,153.0,22.0,0.7112068989016338,0.7061824729891957,0,
AshrafBerryShapiro_2010,154.0,23.0,0.4349742497473429,0.4452554744525547,1,0.0216217889556568
AshrafBerryShapiro_2010,155.0,23.0,0.2571587460791071,0.2685731426857314,0,
AshrafBerryShapiro_2010,156.0,23.0,0.0341373331639014,0.038996100389961,0,
AshrafBerryShapiro_2010,157.0,23.0,0.0080759518174978,0.0102989701029897,0,
AshrafBerryShapiro_2010,158.0,23.0,0.2523753750996215,0.2608739126087391,0,
AshrafBerryShapiro_2010,159.0,23.0,0.0307789106872326,0.0341965803419658,0,
AshrafBerryShapiro_2010,160.0,24.0,0.0318709322629006,0.0303969603039696,1,0.0121018349962225
AshrafBerryShapiro_2010,161.0,24.0,0.3432724433508818,0.341965803419658,0,
AshrafBerryShapiro_2010,162.0,24.0,0.0901087564503399,0.0830916908309169,0,
AshrafBerryShapiro_2010,163.0,24.0,0.3893932490770414,0.3850614938506149,0,
AshrafBerryShapiro_2010,164.0,24.0,0.6989523073270317,0.7003299670032996,0,
AshrafBerryShapiro_2010,165.0,24.0,0.3886173305783302,0.394960503949605,0,
AshrafBerryShapiro_2010,166.0,24.0,0.8804357276434162,0.880828497098259,0,
AshrafBerryShapiro_2010,167.0,25.0,0.5918663378800229,0.6055394460553944,1,0.0215016495069795
AshrafBerryShapiro_2010,168.0,25.0,0.6063712986707883,0.6121387861213878,0,
AshrafBerryShapiro_2010,169.0,25.0,0.8327107692755761,0.8378162183781622,0,
AshrafBerryShapiro_2010,170.0,25.0,0.0657992607569455,0.0744925507449255,0,
AshrafBerryShapiro_2010,171.0,25.0,0.4122078538054864,0.4226577342265773,0,
AshrafBerryShapiro_2010,172.0,25.0,0.1418425737131375,0.1510848915108489,0,
AshrafBerryShapiro_2010,173.0,26.0,1.0928734808925862e-11,9.999000099990002e-05,1,0.0030382978223018
AshrafBerryShapiro_2010,174.0,27.0,0.0206621446237668,0.0202979702029797,1,0.013765951860792
AshrafBerryShapiro_2010,175.0,27.0,0.0935003848822781,0.0886911308869113,0,
AshrafBerryShapiro_2010,176.0,27.0,0.1088068315911911,0.1017898210178982,0,
AshrafBerryShapiro_2010,177.0,27.0,0.1614401049143886,0.1608839116088391,0,
AshrafBerryShapiro_2010,178.0,27.0,0.1818936264688891,0.1847815218478152,0,
AshrafBerryShapiro_2010,179.0,27.0,0.8646264525350726,0.8617138286171383,0,
AshrafBerryShapiro_2010,180.0,27.0,0.664171802895207,0.6613338666133387,0,
AshrafBerryShapiro_2010,181.0,27.0,0.180062287303055,0.1905620679290652,0,
AshrafBerryShapiro_2010,182.0,28.0,0.4430186554952239,0.4420557944205579,1,0.0224230791260233
AshrafBerryShapiro_2010,183.0,28.0,0.2813309614744784,0.2782721727827217,0,
AshrafBerryShapiro_2010,184.0,28.0,0.0219310907231436,0.0220977902209779,0,
AshrafBerryShapiro_2010,185.0,28.0,0.0094192917231277,0.0100989901009899,0,
AshrafBerryShapiro_2010,186.0,28.0,0.4051933903375029,0.4046595340465953,0,
AshrafBerryShapiro_2010,187.0,28.0,0.0416419149230623,0.040995900409959,0,
AshrafBerryShapiro_2010,188.0,29.0,0.0452392116486199,0.0411958804119588,1,0.0140173818725871
AshrafBerryShapiro_2010,189.0,29.0,0.3421645731599015,0.3387661233876612,0,
AshrafBerryShapiro_2010,190.0,29.0,0.090639817846911,0.0815918408159184,0,
AshrafBerryShapiro_2010,191.0,29.0,0.4793972667311249,0.4795520447955204,0,
AshrafBerryShapiro_2010,192.0,29.0,0.7376893980327344,0.7414258574142586,0,
AshrafBerryShapiro_2010,193.0,29.0,0.2845278839148209,0.2835716428357164,0,
AshrafBerryShapiro_2010,194.0,29.0,0.9745045849138524,0.977002299770023,0,
AshrafBerryShapiro_2010,195.0,29.0,0.1146451594784056,0.1120240480961923,0,
AshrafBerryShapiro_2010,196.0,30.0,0.4554456658574114,0.4575542445755424,1,0.0223241559715929
AshrafBerryShapiro_2010,197.0,30.0,0.5864216436338514,0.5817418258174183,0,
AshrafBerryShapiro_2010,198.0,30.0,0.7217698227957623,0.7234276572342766,0,
AshrafBerryShapiro_2010,199.0,30.0,0.0319358224319533,0.0337966203379662,0,
AshrafBerryShapiro_2010,200.0,30.0,0.5952563304942151,0.5961403859614038,0,
AshrafBerryShapiro_2010,201.0,30.0,0.2280654151634477,0.2267773222677732,0,
AshrafBerryShapiro_2010,202.0,31.0,0.3655204945166471,0.3823617638236176,1,0.0234067931825785
AshrafBerryShapiro_2010,203.0,32.0,0.0102909145096045,0.012625250501002,1,0.0066534817570983
AshrafBerryShapiro_2010,204.0,33.0,0.4669295538382729,0.476952304769523,1,0.0232450861923036
AshrafBerryShapiro_2010,205.0,34.0,0.0303942336164645,0.0314723864889245,1,0.0067030353579176
AshrafBerryShapiro_2010,206.0,35.0,1.0858934493267252e-12,9.999000099990002e-05,1,0.0031601978301251
AshrafBerryShapiro_2010,207.0,36.0,0.018178812468846,0.0180981901809819,1,0.012020045955853
AshrafBerryShapiro_2010,208.0,36.0,0.1187851360224093,0.1142885711428857,0,
AshrafBerryShapiro_2010,209.0,36.0,0.0850535336903823,0.0831916808319168,0,
AshrafBerryShapiro_2010,210.0,36.0,0.2048511603907221,0.2060793920607939,0,
AshrafBerryShapiro_2010,211.0,36.0,0.1024211168617861,0.1055894410558944,0,
AshrafBerryShapiro_2010,212.0,36.0,0.7848184756039349,0.7827217278272173,0,
AshrafBerryShapiro_2010,213.0,36.0,0.634713261130792,0.627037296270373,0,
AshrafBerryShapiro_2010,214.0,36.0,0.2053109556800147,0.2171909436986575,0,
AshrafBerryShapiro_2010,215.0,37.0,0.2715680265866148,0.2700729927007299,1,0.0213800297540695
AshrafBerryShapiro_2010,216.0,37.0,0.3051353497127008,0.301969803019698,0,
AshrafBerryShapiro_2010,217.0,37.0,0.0851612053031323,0.0888911108889111,0,
AshrafBerryShapiro_2010,218.0,37.0,0.008625390503766,0.0094990500949905,0,
AshrafBerryShapiro_2010,219.0,37.0,0.4979707282606085,0.498950104989501,0,
AshrafBerryShapiro_2010,220.0,37.0,0.0829076731093981,0.0822917708229177,0,
AshrafBerryShapiro_2010,221.0,38.0,0.0382073287234002,0.0363963603639636,1,0.0122274740351404
AshrafBerryShapiro_2010,222.0,38.0,0.3582576208703824,0.3523647635236476,0,
AshrafBerryShapiro_2010,223.0,38.0,0.0814880900125148,0.0736926307369263,0,
AshrafBerryShapiro_2010,224.0,38.0,0.4284963987427046,0.4236576342365763,0,
AshrafBerryShapiro_2010,225.0,38.0,0.6510447303514997,0.651034896510349,0,
AshrafBerryShapiro_2010,226.0,38.0,0.3704882268974804,0.372962703729627,0,
AshrafBerryShapiro_2010,227.0,38.0,0.8544681419691893,0.8526147385261473,0,
AshrafBerryShapiro_2010,228.0,38.0,0.0956358908123406,0.0951808436028454,0,
AshrafBerryShapiro_2010,229.0,39.0,0.6670844981331376,0.668933106689331,1,0.0212564001161045
AshrafBerryShapiro_2010,230.0,39.0,0.6030289622805806,0.6036396360363964,0,
AshrafBerryShapiro_2010,231.0,39.0,0.9260260362122512,0.923007699230077,0,
AshrafBerryShapiro_2010,232.0,39.0,0.0681896078484543,0.068993100689931,0,
AshrafBerryShapiro_2010,233.0,39.0,0.4868524789609671,0.4856514348565143,0,
AshrafBerryShapiro_2010,234.0,39.0,0.178295915548017,0.1755824417558244,0,
AshrafBerryShapiro_2010,235.0,40.0,0.0369983437185743,0.0357964203579642,1,0.0121018349962225
AshrafBerryShapiro_2010,236.0,40.0,0.1621013361882691,0.1561843815618438,0,
AshrafBerryShapiro_2010,237.0,40.0,0.1283012876259162,0.1184881511848815,0,
AshrafBerryShapiro_2010,238.0,40.0,0.253079862680076,0.2553744625537446,0,
AshrafBerryShapiro_2010,239.0,40.0,0.4711816468754654,0.4754524547545245,0,
AshrafBerryShapiro_2010,240.0,40.0,0.3402789336599818,0.3478652134786521,0,
AshrafBerryShapiro_2010,241.0,40.0,0.8830654119660148,0.8872112788721128,0,
AshrafBerryShapiro_2010,242.0,40.0,0.9566868353050462,0.9020138262699128,0,
AshrafBerryShapiro_2010,243.0,41.0,0.5853072868368098,0.5934406559344065,1,0.0215016495069795
AshrafBerryShapiro_2010,244.0,41.0,0.9543525998976764,0.9537046295370464,0,
AshrafBerryShapiro_2010,245.0,41.0,0.729237584483373,0.7288271172882712,0,
AshrafBerryShapiro_2010,246.0,41.0,0.1328189962787632,0.1405859414058594,0,
AshrafBerryShapiro_2010,247.0,41.0,0.3607657586066794,0.3748625137486251,0,
AshrafBerryShapiro_2010,248.0,41.0,0.1203571862923425,0.1323867613238676,0,
AshrafBerryShapiro_2010,249.0,42.0,0.0293995055989953,0.0273972602739726,1,0.0118651614935538
AshrafBerryShapiro_2010,250.0,42.0,0.0098390208360344,0.0097990200979902,0,
AshrafBerryShapiro_2010,251.0,42.0,0.3281720251616005,0.3316668333166683,0,
AshrafBerryShapiro_2010,252.0,42.0,0.3054239002482635,0.3042695730426957,0,
AshrafBerryShapiro_2010,253.0,42.0,0.3842885533091455,0.3894610538946105,0,
AshrafBerryShapiro_2010,254.0,42.0,0.4621544378821371,0.4591540845915408,0,
AshrafBerryShapiro_2010,255.0,42.0,0.7924024688124711,0.78992100789921,0,
AshrafBerryShapiro_2010,256.0,42.0,0.4188997191133816,0.408034462031657,0,
AshrafBerryShapiro_2010,257.0,43.0,0.679473322561317,0.6917308269173083,1,0.0216217889556568
AshrafBerryShapiro_2010,258.0,43.0,0.1635202088130492,0.1751824817518248,0,
AshrafBerryShapiro_2010,259.0,43.0,0.1008602160281422,0.1104889511048895,0,
AshrafBerryShapiro_2010,260.0,43.0,0.0212281113506007,0.0252974702529747,0,
AshrafBerryShapiro_2010,261.0,43.0,0.2599744469288754,0.2730726927307269,0,
AshrafBerryShapiro_2010,262.0,43.0,0.0214721985075352,0.0226977302269773,0,
Ashraf_2009,1.0,1.0,0.0003648486399347,0.0029970029970029,1,0.0104166666666666
Ashraf_2009,2.0,1.0,0.0057755666740263,0.0069930069930069,1,0.0105240549828178
Ashraf_2009,3.0,2.0,0.0025454151007869,0.0029970029970029,1,0.0194860468312566
Ashraf_2009,4.0,2.0,0.0175549808624847,0.0189810189810189,1,0.0253210747641382
Ashraf_2009,5.0,3.0,0.1015970097302535,0.1038961038961039,1,0.0222571774987142
Ashraf_2009,6.0,3.0,0.2387088539558411,0.2477522477522477,1,0.0273689198097842
Ashraf_2009,7.0,3.0,0.0377149394675731,0.0479520479520479,1,0.0523842138242986
Ashraf_2009,8.0,3.0,0.0142129045921936,0.0159840159840159,1,0.0525617060050165
Ashraf_2009,9.0,4.0,0.0018620530378855,0.0019980019980019,1,0.021158329306288
Ashraf_2009,10.0,4.0,0.0245542362146482,0.0259740259740259,1,0.0267656235271385
Ashraf_2009,11.0,4.0,0.5375957529860638,0.5254745254745254,1,0.0636373495245295
Ashraf_2009,12.0,4.0,0.9584130536339468,0.961038961038961,1,0.0764036662237161
Ashraf_2009,13.0,5.0,0.0021997677505975,0.0069930069930069,1,0.0104166666666666
Ashraf_2009,14.0,5.0,0.2786414749771861,0.2527472527472527,1,0.0105240549828178
Ashraf_2009,15.0,6.0,0.0012313012686838,0.0039960039960039,1,0.0194860468312566
Ashraf_2009,16.0,6.0,0.2612738519252386,0.2537462537462537,1,0.0253210747641382
Ashraf_2009,17.0,7.0,0.0472624213069794,0.0529470529470529,1,0.0222571774987142
Ashraf_2009,18.0,7.0,0.8322481682680385,0.8311688311688312,1,0.0273689198097842
Ashraf_2009,19.0,7.0,0.1492946262111365,0.1368631368631368,1,0.0523842138242986
Ashraf_2009,20.0,7.0,0.063925620282082,0.0769230769230769,1,0.0525617060050165
Ashraf_2009,21.0,8.0,0.0016675686418972,0.0069930069930069,1,0.021158329306288
Ashraf_2009,22.0,8.0,0.2948985769603799,0.2927072927072927,1,0.0267656235271385
Ashraf_2009,23.0,8.0,0.98605996046564,0.982017982017982,1,0.0636373495245295
Ashraf_2009,24.0,8.0,0.8403962513662875,0.8381618381618382,1,0.0764036662237161
Ashraf_2009,25.0,9.0,0.622637902833781,0.6053946053946054,1,0.0104166666666666
Ashraf_2009,26.0,9.0,0.0469988940750043,0.0499500499500499,1,0.0105240549828178
Ashraf_2009,27.0,10.0,0.9966284889810526,0.998001998001998,1,0.0194860468312566
Ashraf_2009,28.0,10.0,0.1141600059655053,0.1218781218781218,1,0.0253210747641382
Ashraf_2009,29.0,11.0,0.7842453301631314,0.7862137862137862,1,0.0222571774987142
Ashraf_2009,30.0,11.0,0.2538027180130387,0.2727272727272727,1,0.0273689198097842
Ashraf_2009,31.0,11.0,0.5326811761212746,0.5124875124875125,1,0.0523842138242986
Ashraf_2009,32.0,11.0,0.547789689521111,0.5354645354645354,1,0.0525617060050165
Ashraf_2009,33.0,12.0,0.7452627558566293,0.7232767232767233,1,0.021158329306288
Ashraf_2009,34.0,12.0,0.1138020017232346,0.1088911088911089,1,0.0267656235271385
Ashraf_2009,35.0,12.0,0.3381825569206489,0.3536463536463536,1,0.0636373495245295
Ashraf_2009,36.0,12.0,0.8263960743910056,0.8251748251748252,1,0.0764036662237161
Ashraf_2009,37.0,13.0,0.9381798084701236,0.939060939060939,1,0.0107502799552071
Ashraf_2009,38.0,13.0,0.3023298813596313,0.2947052947052947,1,0.0108599290780141
Ashraf_2009,39.0,14.0,0.6497272012020973,0.6383616383616384,1,0.0196236082510063
Ashraf_2009,40.0,14.0,0.5175789464311431,0.4885114885114885,1,0.0281320334733931
Ashraf_2009,41.0,15.0,0.5377575499430755,0.5214785214785215,1,0.0251796514375922
Ashraf_2009,42.0,15.0,0.1044833841927696,0.1058941058941058,1,0.035448007518167
Ashraf_2009,43.0,15.0,0.0211650825839929,0.0279720279720279,1,0.0519848402388262
Ashraf_2009,44.0,15.0,0.0199827719951386,0.0259740259740259,1,0.0539362582522616
Ashraf_2009,45.0,16.0,0.2530740667320406,0.2327672327672327,1,0.0209692832337325
Ashraf_2009,46.0,16.0,0.983612348195512,0.972027972027972,1,0.0340446806826045
Ashraf_2009,47.0,16.0,0.0061944989735198,0.0239760239760239,1,0.1152285806367007
Ashraf_2009,48.0,16.0,0.026468801776066,0.0569430569430569,1,0.1081595701207504
Ashraf_2009,49.0,17.0,0.0920268661541284,0.0949050949050949,1,0.0107502799552071
Ashraf_2009,50.0,17.0,0.1312953765573907,0.1438561438561438,1,0.0108599290780141
Ashraf_2009,51.0,18.0,0.3142282809161909,0.3156843156843157,1,0.0196236082510063
Ashraf_2009,52.0,18.0,0.360649046666923,0.3636363636363636,1,0.0281320334733931
Ashraf_2009,53.0,19.0,0.0314373880976025,0.0289710289710289,1,0.0251796514298501
Ashraf_2009,54.0,19.0,0.0567753708039336,0.0689310689310689,1,0.0354480074850446
Ashraf_2009,55.0,19.0,0.011499159495651,0.0239760239760239,1,0.0519848402438452
Ashraf_2009,56.0,19.0,0.0258896212888847,0.0349650349650349,1,0.0539362582562589
Ashraf_2009,57.0,20.0,0.7676092989394171,0.7642357642357642,1,0.0209692832337325
Ashraf_2009,58.0,20.0,0.7122864042379542,0.7342657342657343,1,0.0340446806826045
Ashraf_2009,59.0,20.0,0.0138721512743545,0.0269730269730269,1,0.1152285806367007
Ashraf_2009,60.0,20.0,0.1371980717304005,0.1268731268731268,1,0.1081595701207504
Ashraf_2009,61.0,21.0,0.0300794224123363,0.0259740259740259,1,0.0107502799552071
Ashraf_2009,62.0,21.0,0.561049758988314,0.5524475524475524,1,0.0108599290780141
Ashraf_2009,63.0,22.0,0.0372260766020303,0.0329670329670329,1,0.0196236082510063
Ashraf_2009,64.0,22.0,0.8077945206872295,0.8021978021978022,1,0.0281320334733931
Ashraf_2009,65.0,23.0,0.0560899325871564,0.0509490509490509,1,0.0251796514298501
Ashraf_2009,66.0,23.0,0.8986219815124872,0.8911088911088911,1,0.0354480074850446
Ashraf_2009,67.0,23.0,0.5745110331349359,0.5764235764235764,1,0.0519848402438452
Ashraf_2009,68.0,23.0,0.9978063359279898,0.999000999000999,1,0.0539362582562589
Ashraf_2009,69.0,24.0,0.0566803686816018,0.0459540459540459,1,0.0209692832337325
Ashraf_2009,70.0,24.0,0.6245897778647151,0.6243756243756243,1,0.0340446806826045
Ashraf_2009,71.0,24.0,0.8230297808774473,0.8111888111888111,1,0.1152285806367007
Ashraf_2009,72.0,24.0,0.3166019843062275,0.3026973026973027,1,0.1081595701207504
Ashraf_2009,73.0,25.0,0.0958531918583995,0.1098901098901098,1,0.0104166666666666
Ashraf_2009,74.0,25.0,0.2303913661896365,0.2297702297702297,1,0.0105240549828178
Ashraf_2009,75.0,26.0,0.796330815296369,0.8271728271728271,1,0.0222571774987142
Ashraf_2009,76.0,26.0,0.8064759933684851,0.8121878121878122,1,0.0273689198097842
Ashraf_2009,77.0,26.0,0.0585834607282583,0.0669330669330669,1,0.0523842138242986
Ashraf_2009,78.0,26.0,0.1677418889117614,0.1688311688311688,1,0.0525617060050165
Ashraf_2009,79.0,27.0,0.1012966979590831,0.1118881118881118,1,0.0104166666666666
Ashraf_2009,80.0,27.0,0.7517450265880413,0.7912087912087912,1,0.0105240549828178
Ashraf_2009,81.0,28.0,0.5502867882574691,0.5474525474525475,1,0.0222571774987142
Ashraf_2009,82.0,28.0,0.64176062939875,0.6433566433566433,1,0.0273689198097842
Ashraf_2009,83.0,28.0,0.0677819769678405,0.0589410589410589,1,0.0523842138242986
Ashraf_2009,84.0,28.0,0.5834273077918768,0.5924075924075924,1,0.0525617060050165
Ashraf_2009,85.0,29.0,0.7746401250267275,0.7592407592407593,1,0.0104166666666666
Ashraf_2009,86.0,29.0,0.089082713899817,0.0739260739260739,1,0.0105240549828178
Ashraf_2009,87.0,30.0,0.7574981306406571,0.7642357642357642,1,0.0222571774987142
Ashraf_2009,88.0,30.0,0.4713585251376918,0.4795204795204795,1,0.0273689198097842
Ashraf_2009,89.0,30.0,0.7075093785786958,0.7052947052947053,1,0.0523842138242986
Ashraf_2009,90.0,30.0,0.2571546483138309,0.2507492507492507,1,0.0525617060050165
Ashraf_2009,91.0,31.0,0.6049102862084598,0.6053946053946054,1,0.0107502799552071
Ashraf_2009,92.0,31.0,0.8291940568324703,0.8061938061938062,1,0.0108599290780141
Ashraf_2009,93.0,32.0,0.199171741860086,0.1858141858141858,1,0.0209692832337325
Ashraf_2009,94.0,32.0,0.6303609357476173,0.6423576423576424,1,0.0340446806826045
Ashraf_2009,95.0,32.0,0.2177525450537938,0.1748251748251748,1,0.1152285806367007
Ashraf_2009,96.0,32.0,0.3862740619173982,0.3086913086913087,1,0.1081595701207504
Ashraf_2009,97.0,33.0,0.1391223481289993,0.1498501498501498,1,0.0107502799552071
Ashraf_2009,98.0,33.0,0.1567530732165895,0.1818181818181818,1,0.0108599290780141
Ashraf_2009,99.0,34.0,0.6357344828466958,0.6293706293706294,1,0.0209692832337325
Ashraf_2009,100.0,34.0,0.529851872938422,0.5384615384615384,1,0.0340446806826045
Ashraf_2009,101.0,34.0,0.4593650541362584,0.3826173826173826,1,0.1152285806367007
Ashraf_2009,102.0,34.0,0.8459371145254914,0.8191808191808192,1,0.1081595701207504
Ashraf_2009,103.0,35.0,0.0041113546975363,0.0039960039960039,1,0.0107502799552071
Ashraf_2009,104.0,35.0,0.1387541068839519,0.1488511488511488,1,0.0108599290780141
Ashraf_2009,105.0,36.0,0.0042170312502627,0.0019980019980019,1,0.0209692832337325
Ashraf_2009,106.0,36.0,0.1303538420724637,0.1488511488511488,1,0.0340446806826045
Ashraf_2009,107.0,36.0,0.1185421379526682,0.0409590409590409,1,0.1152285806367007
Ashraf_2009,108.0,36.0,0.1959862399110123,0.1078921078921078,1,0.1081595701207504
Ashraf_2009,109.0,37.0,0.0003826309837999,0.0019980019980019,1,0.0107502799552071
Ashraf_2009,110.0,37.0,0.0063834114921291,0.0059940059940059,1,0.0108599290780141
Ashraf_2009,111.0,38.0,0.0704466758777874,0.0699300699300699,1,0.0218149518396944
Ashraf_2009,112.0,38.0,0.2087920970326868,0.2247752247752247,1,0.0271296795964982
Ashraf_2009,113.0,38.0,0.0385970634406633,0.0299700299700299,1,0.0522437089977075
Ashraf_2009,114.0,38.0,0.1665923588211917,0.1638361638361638,1,0.0524418024899517
Ashraf_2009,115.0,39.0,0.0081466875231753,0.0199800199800199,1,0.0107502799552071
Ashraf_2009,116.0,39.0,0.5361245055573117,0.5314685314685315,1,0.0108599290780141
Ashraf_2009,117.0,40.0,0.2952865279231237,0.2937062937062937,1,0.0218149518396944
Ashraf_2009,118.0,40.0,0.8858065375261276,0.902097902097902,1,0.0271296795964982
Ashraf_2009,119.0,40.0,0.0048661980208994,0.0119880119880119,1,0.0522437089977075
Ashraf_2009,120.0,40.0,0.1748057842754518,0.1798201798201798,1,0.0524418024899517
Ashraf_2009,121.0,41.0,0.129447287795397,0.1298701298701298,1,0.0107502799552071
Ashraf_2009,122.0,41.0,0.0043948952649978,0.0049950049950049,1,0.0108599290780141
Ashraf_2009,123.0,42.0,0.2018385891246386,0.1858141858141858,1,0.0218149518396944
Ashraf_2009,124.0,42.0,0.0595998122320658,0.0539460539460539,1,0.0271296795964982
Ashraf_2009,125.0,42.0,0.5440936909590663,0.5294705294705294,1,0.0522437089977075
Ashraf_2009,126.0,42.0,0.7232664418079388,0.7112887112887113,1,0.0524418024899517
Ashraf_2009,127.0,43.0,0.2757389539744809,0.2777222777222777,1,0.0107502799552071
Ashraf_2009,128.0,43.0,0.2013096974665478,0.2107892107892107,1,0.0107502799552071
Ashraf_2009,129.0,44.0,0.8460194804953007,0.8411588411588412,1,0.0210769007211073
Ashraf_2009,130.0,44.0,0.7146409527492263,0.7042957042957043,1,0.0338526918313857
Ashraf_2009,131.0,44.0,0.4304234979212675,0.3556443556443556,1,0.1153227724922261
Ashraf_2009,132.0,44.0,0.3867912980702692,0.3096903096903097,1,0.1088231769311217
Ashraf_2009,133.0,45.0,0.0121302476545426,0.0129870129870129,1,0.0107502799552071
Ashraf_2009,134.0,45.0,0.0097088698468503,0.0139860139860139,1,0.0107502799552071
Ashraf_2009,135.0,46.0,0.1314195927547273,0.1228771228771228,1,0.0210769007211073
Ashraf_2009,136.0,46.0,0.1438083572563546,0.1508491508491508,1,0.0338526918313857
Ashraf_2009,137.0,46.0,0.5740216033188762,0.4945054945054945,1,0.1153227724922261
Ashraf_2009,138.0,46.0,0.6386845085452345,0.5684315684315684,1,0.1088231769311217
Ashraf_2009,139.0,47.0,0.0476264396786355,0.0439560439560439,1,0.0107502799552071
Ashraf_2009,140.0,47.0,0.2310048996752458,0.2357642357642357,1,0.0107502799552071
Ashraf_2009,141.0,48.0,0.0711913099439454,0.0729270729270729,1,0.0210769007211073
Ashraf_2009,142.0,48.0,0.1660518710966649,0.1768231768231768,1,0.0338526918313857
Ashraf_2009,143.0,48.0,0.4406868209163684,0.4065934065934066,1,0.1153227724922261
Ashraf_2009,144.0,48.0,0.3758221947134992,0.3296703296703296,1,0.1088231769311217
BarreraOsorioBertrandLindenPerezCalle_2011,1.0,1.0,0.0001679945662264,0.0004837929366231,1,0.0938090954123098
BarreraOsorioBertrandLindenPerezCalle_2011,2.0,1.0,0.0016161404789476,0.0024189646831156,1,0.0883809897307039
BarreraOsorioBertrandLindenPerezCalle_2011,3.0,2.0,0.0002844797560702,0.0008063215610385,1,0.0945451536743809
BarreraOsorioBertrandLindenPerezCalle_2011,4.0,2.0,0.0025525750699231,0.003870343492985,1,0.0888262524415027
BarreraOsorioBertrandLindenPerezCalle_2011,5.0,3.0,0.0002118948811241,0.0009675858732462,1,0.0948681479458461
BarreraOsorioBertrandLindenPerezCalle_2011,6.0,3.0,0.0007306917278424,0.0014513788098693,1,0.0894889463214074
BarreraOsorioBertrandLindenPerezCalle_2011,7.0,4.0,0.0078536527336834,0.0088695371714239,1,0.1432490098816836
BarreraOsorioBertrandLindenPerezCalle_2011,8.0,5.0,0.0035233885939794,0.0043541364296081,1,0.1445845153440532
BarreraOsorioBertrandLindenPerezCalle_2011,9.0,6.0,0.0105205247213376,0.0130624092888243,1,0.1455737281160757
BarreraOsorioBertrandLindenPerezCalle_2011,10.0,7.0,0.0154186781817576,0.0258022899532333,1,0.1301412668409433
BarreraOsorioBertrandLindenPerezCalle_2011,11.0,7.0,0.0260819859209168,0.0362844702467343,1,0.1240071405123482
BarreraOsorioBertrandLindenPerezCalle_2011,12.0,7.0,0.0084579487875927,0.0145137880986937,1,0.1437527234481894
BarreraOsorioBertrandLindenPerezCalle_2011,13.0,8.0,0.0519992048921578,0.0706337687469763,1,0.0973969908007717
BarreraOsorioBertrandLindenPerezCalle_2011,14.0,8.0,0.0038892754235855,0.0072568940493468,1,0.0932751190874841
BarreraOsorioBertrandLindenPerezCalle_2011,15.0,9.0,0.0544210255723612,0.0775681341719077,1,0.0972931917789802
BarreraOsorioBertrandLindenPerezCalle_2011,16.0,9.0,0.0025781037916019,0.0061280438638929,1,0.0925905854244282
BarreraOsorioBertrandLindenPerezCalle_2011,17.0,10.0,0.297008277470491,0.2989840348330914,1,0.0988354365550046
BarreraOsorioBertrandLindenPerezCalle_2011,18.0,10.0,0.0002555004351928,0.001612643122077,1,0.093864606226018
BarreraOsorioBertrandLindenPerezCalle_2011,19.0,11.0,0.054470252459469,0.0617642315755523,1,0.088974260524019
BarreraOsorioBertrandLindenPerezCalle_2011,20.0,12.0,0.0622209278539954,0.0699887114981454,1,0.0898311846056571
BarreraOsorioBertrandLindenPerezCalle_2011,21.0,13.0,0.060408911307047,0.0587002096436058,1,0.0964110117292045
BarreraOsorioBertrandLindenPerezCalle_2011,22.0,14.0,0.979177857773586,0.980648282535075,1,0.1029130452847708
BarreraOsorioBertrandLindenPerezCalle_2011,23.0,14.0,0.0746602755425302,0.0861151427189163,1,0.0991914623060438
BarreraOsorioBertrandLindenPerezCalle_2011,24.0,14.0,0.0270544533582367,0.0312852765682954,1,0.0957164168731675
BarreraOsorioBertrandLindenPerezCalle_2011,25.0,15.0,0.0004243719608253,0.0006450572488308,1,0.095270120888193
BarreraOsorioBertrandLindenPerezCalle_2011,26.0,15.0,4.640129654892933e-05,0.0003225286244154,1,0.088645637588292
BarreraOsorioBertrandLindenPerezCalle_2011,27.0,15.0,0.0837792924915691,0.0870827285921625,1,0.0940791985642824
BarreraOsorioBertrandLindenPerezCalle_2011,28.0,15.0,0.0014455863145624,0.0024189646831156,1,0.0892152735379355
BarreraOsorioBertrandLindenPerezCalle_2011,29.0,16.0,0.2420244688084875,0.2631833575229801,1,0.0914054711557742
BarreraOsorioBertrandLindenPerezCalle_2011,30.0,16.0,0.001846406322131,0.005482986615062,1,0.0969397399661353
BarreraOsorioBertrandLindenPerezCalle_2011,31.0,16.0,0.5650451080668193,0.5703918722786647,1,0.0989361166150727
BarreraOsorioBertrandLindenPerezCalle_2011,32.0,16.0,0.368555661791726,0.3884857281083696,1,0.0947210255075428
BarreraOsorioBertrandLindenPerezCalle_2011,33.0,17.0,0.0012597907017639,0.001612643122077,1,0.0953305803683846
BarreraOsorioBertrandLindenPerezCalle_2011,34.0,17.0,0.0009821363762332,0.0012901144976616,1,0.09436712940648
BarreraOsorioBertrandLindenPerezCalle_2011,35.0,17.0,0.0214667293465633,0.0256410256410256,1,0.092838491264076
BarreraOsorioBertrandLindenPerezCalle_2011,36.0,17.0,0.0306528474089563,0.033704241251411,1,0.0906975156241498
BarreraOsorioBertrandLindenPerezCalle_2011,37.0,18.0,0.0851992239810605,0.0957910014513788,1,0.1045659818815137
BarreraOsorioBertrandLindenPerezCalle_2011,38.0,18.0,0.0119944031721658,0.0179003386550556,1,0.0878003072248585
BarreraOsorioBertrandLindenPerezCalle_2011,39.0,18.0,0.2145116520676099,0.2359296887598774,1,0.1013221359735924
BarreraOsorioBertrandLindenPerezCalle_2011,40.0,18.0,0.7898465308707164,0.7940654733107563,1,0.0910342867464837
BarreraOsorioBertrandLindenPerezCalle_2011,41.0,19.0,0.0075023668542503,0.0164489598451862,1,0.2181589589131951
BarreraOsorioBertrandLindenPerezCalle_2011,42.0,19.0,0.0178417767897937,0.0291888405095952,1,0.1933307453875534
BarreraOsorioBertrandLindenPerezCalle_2011,43.0,19.0,0.0147179187221035,0.0285437832607643,1,0.2032055528296147
BarreraOsorioBertrandLindenPerezCalle_2011,44.0,19.0,0.0333749405318109,0.0478955007256894,1,0.1806882936540536
BarreraOsorioBertrandLindenPerezCalle_2011,45.0,20.0,0.6546865057838027,0.7681019190453152,1,0.7139837571450548
BarreraOsorioBertrandLindenPerezCalle_2011,46.0,20.0,0.0064512222490962,0.090146750524109,1,0.6951900713929778
BarreraOsorioBertrandLindenPerezCalle_2011,47.0,20.0,0.7468861911274998,0.8184163844541203,1,0.6283813809167312
BarreraOsorioBertrandLindenPerezCalle_2011,48.0,20.0,0.0308516184424303,0.1538461538461538,1,0.6132763424998754
BarreraOsorioBertrandLindenPerezCalle_2011,49.0,21.0,0.1600584113132443,0.1762618932430253,1,0.0938152886919986
BarreraOsorioBertrandLindenPerezCalle_2011,50.0,21.0,0.1338452671329558,0.1486856958555071,1,0.0924135497085126
BarreraOsorioBertrandLindenPerezCalle_2011,51.0,22.0,0.1020681349291063,0.1280438638929205,1,0.1539710431119827
BarreraOsorioBertrandLindenPerezCalle_2011,52.0,23.0,0.7108671378201026,0.7174649250120948,1,0.1281799135614643
BarreraOsorioBertrandLindenPerezCalle_2011,53.0,23.0,0.7303645786294828,0.7331075632962425,1,0.1222574353356192
BarreraOsorioBertrandLindenPerezCalle_2011,54.0,23.0,0.0754338125928043,0.1099822609256571,1,0.153747197588248
BarreraOsorioBertrandLindenPerezCalle_2011,55.0,24.0,0.7106976595575256,0.7192388324463797,1,0.0947725959233083
BarreraOsorioBertrandLindenPerezCalle_2011,56.0,24.0,0.8576826777350284,0.862280277374617,1,0.0929749134809161
BarreraOsorioBertrandLindenPerezCalle_2011,57.0,25.0,0.2310911171144005,0.2578616352201258,1,0.1494151891783797
BarreraOsorioBertrandLindenPerezCalle_2011,58.0,26.0,0.4391096730334973,0.4489598451862602,1,0.1269105472682414
BarreraOsorioBertrandLindenPerezCalle_2011,59.0,26.0,0.0535062154509392,0.0640219319464602,1,0.1224157744898099
BarreraOsorioBertrandLindenPerezCalle_2011,60.0,26.0,0.1837801996340279,0.2235123367198838,1,0.1501806080666738
BarreraOsorioBertrandLindenPerezCalle_2011,61.0,27.0,0.3565463983121548,0.3707466537655217,1,0.1862520039410418
BarreraOsorioBertrandLindenPerezCalle_2011,62.0,27.0,0.2321430250644356,0.2418964683115626,1,0.1807358523747273
BarreraOsorioBertrandLindenPerezCalle_2011,63.0,28.0,0.2205999337083002,0.2120625705531366,1,0.1997812755532794
BarreraOsorioBertrandLindenPerezCalle_2011,64.0,29.0,0.3885488672215943,0.4147718109982261,1,0.1874458552473137
BarreraOsorioBertrandLindenPerezCalle_2011,65.0,29.0,0.2024459521844233,0.2204483147879374,1,0.179933471760515
BarreraOsorioBertrandLindenPerezCalle_2011,66.0,29.0,0.1616148108214051,0.1751330430575713,1,0.1997119937376856
BarreraOsorioBertrandLindenPerezCalle_2011,67.0,30.0,0.2401099888261936,0.2489920980487018,1,0.1814158284754577
BarreraOsorioBertrandLindenPerezCalle_2011,68.0,30.0,0.0114496763621856,0.0141912594742783,1,0.1829387877453506
BarreraOsorioBertrandLindenPerezCalle_2011,69.0,31.0,2.134601669416006e-09,0.0001612643122077,1,0.191251160643015
BarreraOsorioBertrandLindenPerezCalle_2011,70.0,32.0,0.1481732847776789,0.1741654571843251,1,0.1830026185782006
BarreraOsorioBertrandLindenPerezCalle_2011,71.0,32.0,0.0078602620841557,0.0161264312207708,1,0.182492561369628
BarreraOsorioBertrandLindenPerezCalle_2011,72.0,32.0,8.022368608442566e-14,0.0001612643122077,1,0.1948398015461878
BarreraOsorioBertrandLindenPerezCalle_2011,73.0,33.0,0.6353630227525681,0.6352201257861635,1,0.095082226669064
BarreraOsorioBertrandLindenPerezCalle_2011,74.0,33.0,0.6922409876100015,0.7006934365424932,1,0.0943652543593628
BarreraOsorioBertrandLindenPerezCalle_2011,75.0,34.0,0.4655647312684806,0.4818577648766328,1,0.1545715614689712
BarreraOsorioBertrandLindenPerezCalle_2011,76.0,35.0,0.4358481111581532,0.4292855990969199,1,0.095082226669064
BarreraOsorioBertrandLindenPerezCalle_2011,77.0,35.0,0.7113274187479637,0.7105305595871634,1,0.0943652543593628
BarreraOsorioBertrandLindenPerezCalle_2011,78.0,36.0,0.1046344741265074,0.0836961780358006,1,0.1545715614689712
BarreraOsorioBertrandLindenPerezCalle_2011,79.0,37.0,0.7391737344715066,0.7376229640380584,1,0.0950822266690641
BarreraOsorioBertrandLindenPerezCalle_2011,80.0,37.0,0.4762738582446839,0.4799225931301403,1,0.0943652543593629
BarreraOsorioBertrandLindenPerezCalle_2011,81.0,38.0,0.3251683497404998,0.4710530559587163,1,0.1545715614689711
BarreraOsorioBertrandLindenPerezCalle_2011,82.0,39.0,0.0284239396446443,0.0314465408805031,1,0.0950822266690641
BarreraOsorioBertrandLindenPerezCalle_2011,83.0,39.0,0.0916059859061896,0.0954684728269634,1,0.0943652543593628
BarreraOsorioBertrandLindenPerezCalle_2011,84.0,40.0,0.054060678023509,0.0499919367843896,1,0.1545715614689711
BarreraOsorioBertrandLindenPerezCalle_2011,85.0,41.0,0.3247723794193554,0.3294629898403483,1,0.095082226669064
BarreraOsorioBertrandLindenPerezCalle_2011,86.0,41.0,0.1126366368169918,0.1159490404773423,1,0.0943652543593628
BarreraOsorioBertrandLindenPerezCalle_2011,87.0,42.0,0.2624721379969798,0.2672149653281728,1,0.1545715614689711
BarreraOsorioBertrandLindenPerezCalle_2011,88.0,43.0,0.5362220065234884,0.5378164812127076,1,0.189804493411917
BarreraOsorioBertrandLindenPerezCalle_2011,89.0,43.0,0.4293054258430242,0.429769392033543,1,0.1862764963126328
BarreraOsorioBertrandLindenPerezCalle_2011,90.0,44.0,1.5327770695373008e-07,0.0001612643122077,1,0.197793264135128
BarreraOsorioBertrandLindenPerezCalle_2011,91.0,45.0,0.8752879637804948,0.8634091275600709,1,0.1898044934119169
BarreraOsorioBertrandLindenPerezCalle_2011,92.0,45.0,0.5865808343693326,0.5884534752459281,1,0.1862764963126327
BarreraOsorioBertrandLindenPerezCalle_2011,93.0,46.0,0.010388668739835,0.0112885018545395,1,0.197793264135128
BarreraOsorioBertrandLindenPerezCalle_2011,94.0,47.0,0.8421479281701088,0.8427672955974843,1,0.1898044934119168
BarreraOsorioBertrandLindenPerezCalle_2011,95.0,47.0,0.7578294478472766,0.7637477826157072,1,0.1862764963126327
BarreraOsorioBertrandLindenPerezCalle_2011,96.0,48.0,5.892480294223673e-05,0.0001612643122077,1,0.1977932641351278
BarreraOsorioBertrandLindenPerezCalle_2011,97.0,49.0,0.7164482062028443,0.7216577971294953,1,0.1898044934119169
BarreraOsorioBertrandLindenPerezCalle_2011,98.0,49.0,0.9572657890187344,0.9603289791969036,1,0.1862764963126327
BarreraOsorioBertrandLindenPerezCalle_2011,99.0,50.0,0.0002199455749785,0.0006450572488308,1,0.1977932641351279
BarreraOsorioBertrandLindenPerezCalle_2011,100.0,51.0,0.7205574015997103,0.7329462989840348,1,0.189804493411917
BarreraOsorioBertrandLindenPerezCalle_2011,101.0,51.0,0.3926715107544392,0.3984841154652475,1,0.1862764963126327
BarreraOsorioBertrandLindenPerezCalle_2011,102.0,52.0,0.0415725201900884,0.0493468795355587,1,0.197793264135128
BarreraOsorioBertrandLindenPerezCalle_2011,103.0,53.0,0.0560359861665743,0.0622480245121754,1,0.0854277692098992
BarreraOsorioBertrandLindenPerezCalle_2011,104.0,54.0,0.0085593105608234,0.0088695371714239,1,0.0856319758488153
BarreraOsorioBertrandLindenPerezCalle_2011,105.0,55.0,0.0150734712182557,0.0114497661667472,1,0.0973518624962403
BarreraOsorioBertrandLindenPerezCalle_2011,106.0,56.0,0.0597539521282182,0.053055958716336,1,0.1101629109139002
BarreraOsorioBertrandLindenPerezCalle_2011,107.0,57.0,0.3579613751123822,0.3552652797935817,1,0.0870660807031965
BarreraOsorioBertrandLindenPerezCalle_2011,108.0,58.0,0.1807413637205281,0.168682470569263,1,0.0831300785899706
BarreraOsorioBertrandLindenPerezCalle_2011,109.0,59.0,0.2605130672786931,0.2586679567811643,1,0.0836416465962712
BarreraOsorioBertrandLindenPerezCalle_2011,110.0,60.0,0.0726118171357696,0.0780519271085308,1,0.087759740261565
BarreraOsorioBertrandLindenPerezCalle_2011,111.0,61.0,0.4442571564476391,0.4570230607966457,1,0.0882358410616262
BarreraOsorioBertrandLindenPerezCalle_2011,112.0,62.0,0.9533875667897778,0.9575874858893728,1,0.0877737449785373
BeamanMagruder_2012,1.0,1.0,0.7911631815981774,0.7891210878912108,1,0.0144890619188926
BeamanMagruder_2012,2.0,1.0,0.6060449405676769,0.6095390460953904,1,0.011775717770021
BeamanMagruder_2012,3.0,1.0,0.6765131989663503,0.682031796820318,1,0.0130010772993674
BeamanMagruder_2012,4.0,1.0,0.4173214248352669,0.427957204279572,1,0.0123898980987561
BeamanMagruder_2012,5.0,1.0,0.1586693736049574,0.1626837316268373,0,
BeamanMagruder_2012,6.0,2.0,0.0955756359351356,0.0992900709929007,1,0.0096131326688853
BeamanMagruder_2012,7.0,2.0,0.0061539175854618,0.008999100089991,1,0.0154683642546082
BeamanMagruder_2012,8.0,2.0,0.2246439932406995,0.2292770722927707,0,
BeamanMagruder_2012,9.0,3.0,0.525972202930814,0.5406459354064593,1,0.0374823955494345
BeamanMagruder_2012,10.0,3.0,0.3405987689228008,0.3477652234776522,1,0.0346295354481639
BeamanMagruder_2012,11.0,3.0,0.0144997656161301,0.0167983201679832,1,0.0381645691935804
BeamanMagruder_2012,12.0,3.0,0.6561457873307512,0.6675332466753324,1,0.0364992830779702
BeamanMagruder_2012,13.0,3.0,0.7603066719901757,0.7593240675932407,1,0.014483392819827
BeamanMagruder_2012,14.0,3.0,0.5936896871805514,0.5988401159884011,1,0.0118325590320492
BeamanMagruder_2012,15.0,3.0,0.961305256478724,0.9627037296270372,1,0.0127190571021584
BeamanMagruder_2012,16.0,3.0,0.4240376173821917,0.4332566743325667,1,0.0127492415901085
BeamanMagruder_2012,17.0,3.0,0.1584836073745573,0.1617838216178382,0,
BeamanMagruder_2012,18.0,4.0,0.9714907585756266,0.9732026797320268,1,0.0243482630646134
BeamanMagruder_2012,19.0,4.0,0.5553839942769923,0.5854414558544145,1,0.0171790986929821
BeamanMagruder_2012,20.0,4.0,0.3519137485240393,0.3846615338466153,0,
BeamanMagruder_2012,21.0,5.0,0.399179271511061,0.4471,1,0.044792270615403
BeamanMagruder_2012,22.0,5.0,0.3587120617557747,0.4017,1,0.0374239489898522
BeamanMagruder_2012,23.0,5.0,0.9170274660863392,0.9231,1,0.0236819997741796
BeamanMagruder_2012,24.0,5.0,0.5300278134663245,0.5681,1,0.0180148166812009
BeamanMagruder_2012,25.0,5.0,0.3374028645195757,0.3748,0,
BeamanMagruder_2012,26.0,6.0,0.8644012374591082,0.8726127387261274,1,0.0208261094569622
BeamanMagruder_2012,27.0,6.0,0.9714907588793408,0.9732026797320268,1,0.0218495230760336
BeamanMagruder_2012,28.0,6.0,0.3526352295214868,0.3764623537646235,1,0.0155756480201139
BeamanMagruder_2012,29.0,6.0,0.5553839939800687,0.5854414558544145,1,0.0161526538302768
BeamanMagruder_2012,30.0,6.0,0.0275988188074773,0.0354964503549645,0,
BeamanMagruder_2012,31.0,6.0,0.3519137485652491,0.3846615338466153,0,
BeamanMagruder_2012,32.0,7.0,0.446010693787147,0.4608539146085391,1,0.0397198999043715
BeamanMagruder_2012,33.0,7.0,0.3991792712543314,0.4471552844715528,1,0.0397366183548258
BeamanMagruder_2012,34.0,7.0,0.2300484228071694,0.2424757524247575,1,0.0350526073776235
BeamanMagruder_2012,35.0,7.0,0.3587120611170992,0.4017598240175982,1,0.0349517562639619
BeamanMagruder_2012,36.0,7.0,0.8187747400375336,0.8287171282871713,1,0.0208039109519811
BeamanMagruder_2012,37.0,7.0,0.917027467148832,0.9231076892310768,1,0.0216995291826539
BeamanMagruder_2012,38.0,7.0,0.2974886529981667,0.3286671332866713,1,0.0154277461363329
BeamanMagruder_2012,39.0,7.0,0.5300278134472262,0.5680431956804319,1,0.0157520562538573
BeamanMagruder_2012,40.0,7.0,0.0213695384608611,0.0283971602839716,0,
BeamanMagruder_2012,41.0,7.0,0.3374028644818998,0.3747625237476252,0,
BeamanMagruder_2012,42.0,8.0,0.6697177561521419,0.6719328067193281,1,0.0208261094569622
BeamanMagruder_2012,43.0,8.0,0.9714907588793408,0.9732026797320268,1,0.0218495230760336
BeamanMagruder_2012,44.0,8.0,0.8814176404151366,0.8864113588641136,1,0.0155756480201139
BeamanMagruder_2012,45.0,8.0,0.5553839939800687,0.5854414558544145,1,0.0161526538302768
BeamanMagruder_2012,46.0,8.0,0.6860316691144988,0.7027297270272973,0,
BeamanMagruder_2012,47.0,8.0,0.3519137485652491,0.3846615338466153,0,
BeamanMagruder_2012,48.0,9.0,0.7393504127621633,0.77002299770023,1,0.0397198999043715
BeamanMagruder_2012,49.0,9.0,0.3991792712543314,0.4471552844715528,1,0.0397366183548258
BeamanMagruder_2012,50.0,9.0,0.1885377552769492,0.2333766623337666,1,0.0350526073776235
BeamanMagruder_2012,51.0,9.0,0.3587120611170992,0.4017598240175982,1,0.0349517562639619
BeamanMagruder_2012,52.0,9.0,0.5822202098497424,0.595040495950405,1,0.0208039109519811
BeamanMagruder_2012,53.0,9.0,0.917027467148832,0.9231076892310768,1,0.0216995291826539
BeamanMagruder_2012,54.0,9.0,0.8234511518677602,0.833016698330167,1,0.0154277461363329
BeamanMagruder_2012,55.0,9.0,0.5300278134472262,0.5680431956804319,1,0.0157520562538573
BeamanMagruder_2012,56.0,9.0,0.7065633140290157,0.7248275172482752,0,
BeamanMagruder_2012,57.0,9.0,0.3374028644818998,0.3747625237476252,0,
BeamanMagruder_2012,58.0,10.0,0.1281547363826358,0.1384861513848615,1,0.0397198999043715
BeamanMagruder_2012,59.0,10.0,0.3991792712543314,0.4471552844715528,1,0.0397366183548258
BeamanMagruder_2012,60.0,10.0,0.4904778308246987,0.4901509849015098,1,0.0350526073776235
BeamanMagruder_2012,61.0,10.0,0.3587120611170992,0.4017598240175982,1,0.0349517562639619
BeamanMagruder_2012,62.0,10.0,0.6859207674865078,0.6933306669333067,1,0.0208039109519811
BeamanMagruder_2012,63.0,10.0,0.917027467148832,0.9231076892310768,1,0.0216995291826539
BeamanMagruder_2012,64.0,10.0,0.2939872370149579,0.297970202979702,1,0.0154277461363329
BeamanMagruder_2012,65.0,10.0,0.5300278134472262,0.5680431956804319,1,0.0157520562538573
BeamanMagruder_2012,66.0,10.0,0.7164085074382216,0.7244275572442755,0,
BeamanMagruder_2012,67.0,10.0,0.3374028644818998,0.3747625237476252,0,
BeamanMagruder_2012,68.0,11.0,0.6484683124630402,0.656034396560344,1,0.008494882064273
BeamanMagruder_2012,69.0,11.0,0.3734496036176289,0.395960403959604,1,0.0123152256343428
BeamanMagruder_2012,70.0,11.0,0.6112751636297336,0.6278372162783722,0,
BeamanMagruder_2012,71.0,12.0,0.0056684198376176,0.0087991200879912,1,0.0233384711539301
BeamanMagruder_2012,72.0,12.0,0.772991995988428,0.7938206179382061,1,0.0306742770590969
BeamanMagruder_2012,73.0,12.0,0.598040344806377,0.6067393260673932,1,0.0119668631592442
BeamanMagruder_2012,74.0,12.0,0.3620463743276783,0.3874612538746125,1,0.0118467636968984
BeamanMagruder_2012,75.0,12.0,0.6351378717960483,0.6499350064993501,0,
BeamanMagruder_2012,76.0,13.0,0.0420977335613269,0.0495950404959504,1,0.007950293720483
BeamanMagruder_2012,77.0,13.0,0.6484683124521216,0.656034396560344,1,0.007992619850961
BeamanMagruder_2012,78.0,13.0,0.8171907920001319,0.8256174382561744,1,0.0120489603643976
BeamanMagruder_2012,79.0,13.0,0.3734496036366558,0.395960403959604,1,0.0121653181766092
BeamanMagruder_2012,80.0,13.0,0.0122822561124528,0.0127987201279872,0,
BeamanMagruder_2012,81.0,13.0,0.6112751633396851,0.6278372162783722,0,
BeamanMagruder_2012,82.0,14.0,0.8799569303229045,0.8851114888511149,1,0.0201441850160005
BeamanMagruder_2012,83.0,14.0,0.0056684198234576,0.0087991200879912,1,0.02036920718914
BeamanMagruder_2012,84.0,14.0,0.1866714164750202,0.1948805119488051,1,0.029937291921976
BeamanMagruder_2012,85.0,14.0,0.7729919961127929,0.7938206179382061,1,0.0300030945441424
BeamanMagruder_2012,86.0,14.0,0.0529902710438631,0.0613938606139386,1,0.0120416548217743
BeamanMagruder_2012,87.0,14.0,0.5980403442474478,0.6067393260673932,1,0.0118259283045966
BeamanMagruder_2012,88.0,14.0,0.7584347925411354,0.7684231576842315,1,0.0116005222447008
BeamanMagruder_2012,89.0,14.0,0.3620463744429226,0.3874612538746125,1,0.0117662163538761
BeamanMagruder_2012,90.0,14.0,0.0224611197925856,0.0242975702429757,0,
BeamanMagruder_2012,91.0,14.0,0.6351378715716383,0.6499350064993501,0,
BeamanMagruder_2012,92.0,15.0,0.0856956096231245,0.0933906609339066,1,0.007950293720483
BeamanMagruder_2012,93.0,15.0,0.6484683124521216,0.656034396560344,1,0.007992619850961
BeamanMagruder_2012,94.0,15.0,0.1068601521475401,0.1133886611338866,1,0.0120489603643976
BeamanMagruder_2012,95.0,15.0,0.3734496036366558,0.395960403959604,1,0.0121653181766092
BeamanMagruder_2012,96.0,15.0,0.6064982202270284,0.6148385161483851,0,
BeamanMagruder_2012,97.0,15.0,0.6112751633396851,0.6278372162783722,0,
BeamanMagruder_2012,98.0,16.0,0.6353008421048127,0.6566343365663434,1,0.0201441850160005
BeamanMagruder_2012,99.0,16.0,0.0056684198234576,0.0087991200879912,1,0.02036920718914
BeamanMagruder_2012,100.0,16.0,0.8691564000922511,0.8745125487451255,1,0.029937291921976
BeamanMagruder_2012,101.0,16.0,0.7729919961127929,0.7938206179382061,1,0.0300030945441424
BeamanMagruder_2012,102.0,16.0,0.0725488442360961,0.0788921107889211,1,0.0120416548217743
BeamanMagruder_2012,103.0,16.0,0.5980403442474478,0.6067393260673932,1,0.0118259283045966
BeamanMagruder_2012,104.0,16.0,0.1187999678065719,0.1261873812618738,1,0.0116005222447008
BeamanMagruder_2012,105.0,16.0,0.3620463744429226,0.3874612538746125,1,0.0117662163538761
BeamanMagruder_2012,106.0,16.0,0.7288395655111422,0.7436256374362564,0,
BeamanMagruder_2012,107.0,16.0,0.6351378715716383,0.6499350064993501,0,
BeamanMagruder_2012,108.0,17.0,0.3894051726179367,0.3881611838816118,1,0.007950293720483
BeamanMagruder_2012,109.0,17.0,0.6484683124521216,0.656034396560344,1,0.007992619850961
BeamanMagruder_2012,110.0,17.0,0.7509727966955969,0.7524247575242475,1,0.0120489603643976
BeamanMagruder_2012,111.0,17.0,0.3734496036366558,0.395960403959604,1,0.0121653181766092
BeamanMagruder_2012,112.0,17.0,0.1223836727780752,0.1267873212678732,0,
BeamanMagruder_2012,113.0,17.0,0.6112751633396851,0.6278372162783722,0,
BeamanMagruder_2012,114.0,18.0,0.4775870635841246,0.4821517848215178,1,0.0091438878427526
BeamanMagruder_2012,115.0,18.0,0.8049029826058309,0.8152184781521847,1,0.0089594338754563
BeamanMagruder_2012,116.0,18.0,0.7029194969164168,0.7119288071192881,1,0.0122536614254997
BeamanMagruder_2012,117.0,18.0,0.381062602924941,0.4060593940605939,1,0.0124372566236733
BeamanMagruder_2012,118.0,18.0,0.1249769496901347,0.1315868413158684,0,
BeamanMagruder_2012,119.0,18.0,0.6313629158903957,0.6454354564543545,0,
BeamanMagruder_2012,120.0,19.0,0.0202611359643731,0.0204979502049795,1,0.0201441850160005
BeamanMagruder_2012,121.0,19.0,0.0056684198234576,0.0087991200879912,1,0.02036920718914
BeamanMagruder_2012,122.0,19.0,0.5469218823387224,0.553044695530447,1,0.029937291921976
BeamanMagruder_2012,123.0,19.0,0.7729919961127929,0.7938206179382061,1,0.0300030945441424
BeamanMagruder_2012,124.0,19.0,0.5168452283773592,0.5224477552244775,1,0.0120416548217743
BeamanMagruder_2012,125.0,19.0,0.5980403442474478,0.6067393260673932,1,0.0118259283045966
BeamanMagruder_2012,126.0,19.0,0.65221914330801,0.6578342165783422,1,0.0116005222447008
BeamanMagruder_2012,127.0,19.0,0.3620463744429226,0.3874612538746125,1,0.0117662163538761
BeamanMagruder_2012,128.0,19.0,0.0972804451890557,0.1044895510448955,0,
BeamanMagruder_2012,129.0,19.0,0.6351378715716383,0.6499350064993501,0,
BeamanMagruder_2012,130.0,20.0,0.5645215780442898,0.5602439756024398,1,0.007950293720483
BeamanMagruder_2012,131.0,20.0,0.9742745162427296,0.973902609739026,1,0.0120489603643976
BeamanMagruder_2012,132.0,20.0,0.0528199627827085,0.0534946505349465,0,
BeamanMagruder_2012,133.0,21.0,0.7199806475302,0.7161283871612839,1,0.0091438878427526
BeamanMagruder_2012,134.0,21.0,0.9503404884057411,0.9528047195280472,1,0.0122536614254997
BeamanMagruder_2012,135.0,21.0,0.0548391633601858,0.0557944205579442,0,
BeamanMagruder_2012,136.0,22.0,0.0071633964385291,0.0065993400659934,1,0.0201441850160005
BeamanMagruder_2012,137.0,22.0,0.6821271138594363,0.6819318068193181,1,0.029937291921976
BeamanMagruder_2012,138.0,22.0,0.9701788424276504,0.9689031096890312,1,0.0120416548217743
BeamanMagruder_2012,139.0,22.0,0.9877350135486508,0.9884011598840116,1,0.0116005222447008
BeamanMagruder_2012,140.0,22.0,0.0593554038917633,0.0610938906109389,0,
BurdeLinden_2013,1.0,1.0,0.0001873857213839,0.00999900009999,1,0.26429367350471
BurdeLinden_2013,2.0,2.0,9.131044564925268e-05,0.00999900009999,1,0.2583392945725835
BurdeLinden_2013,3.0,3.0,0.0003404894592249,0.012998700129987,1,0.2605132822031628
BurdeLinden_2013,4.0,4.0,0.0003411278576196,0.0124987501249875,1,0.2550515301815079
BurdeLinden_2013,5.0,5.0,1.3027907754102716e-05,0.0066993300669933,1,0.2628966977355215
BurdeLinden_2013,6.0,6.0,2.381381704084653e-05,0.0036996300369963,1,0.2521992721998031
BurdeLinden_2013,7.0,7.0,0.0041981866126125,0.0190980901909809,1,0.2936453248804475
BurdeLinden_2013,8.0,8.0,0.0041187083463567,0.0107989201079892,1,0.2710620674321997
BurdeLinden_2013,9.0,9.0,0.0027302848413526,0.0322967703229677,1,0.2966655537169089
BurdeLinden_2013,10.0,10.0,0.0013673534682031,0.0241975802419758,1,0.2786473940618864
BurdeLinden_2013,11.0,11.0,0.0146570790093856,0.0622937706229377,1,0.2995026320751217
BurdeLinden_2013,12.0,12.0,0.001942145751184,0.018998100189981,1,0.2849710241226749
BurdeLinden_2013,13.0,13.0,0.0023694903346595,0.0573942605739426,1,0.1929775387355072
BurdeLinden_2013,14.0,13.0,0.028919548738292,0.1084891510848915,1,0.1570977970964894
BurdeLinden_2013,15.0,14.0,0.0119783595364699,0.0441955804419558,1,0.1890174564370465
BurdeLinden_2013,16.0,14.0,0.4626503388639396,0.5138486151384861,1,0.1743153272971022
BurdeLinden_2013,17.0,15.0,0.0183708423820056,0.1065893410658934,1,0.1951448308237213
BurdeLinden_2013,18.0,15.0,0.0012084766008466,0.0015998400159984,1,0.1564804584168243
BurdeLinden_2013,19.0,16.0,0.0080494272278024,0.0572942705729427,1,0.1855328546376383
BurdeLinden_2013,20.0,16.0,0.2450401155080353,0.2837716228377162,1,0.1727318681349136
CaiChenFang_2009,1.0,1.0,9.396964330277128e-06,0.3333333333333333,1,0.0009034497539263
CaiChenFang_2009,2.0,1.0,0.003160328140085,0.3333333333333333,1,0.0013991185813864
CaiChenFang_2009,3.0,2.0,0.0683230516650375,0.6666666666666666,1,0.0009151079446678
CaiChenFang_2009,4.0,2.0,0.0004207511947087,0.3333333333333333,1,0.0012876616291472
CaiChenFang_2009,5.0,3.0,7.864983929283082e-06,0.3333333333333333,1,0.0009034497539263
CaiChenFang_2009,6.0,3.0,1.4919587691339152e-05,0.3333333333333333,1,0.0013991185813864
CaiChenFang_2009,7.0,4.0,7.58324519980395e-06,0.3333333333333333,1,0.0009151079446677
CaiChenFang_2009,8.0,4.0,5.344086721216206e-06,0.3333333333333333,1,0.0012876616291478
CaiChenFang_2009,9.0,5.0,0.0052824451774162,0.3333333333333333,1,0.0005017941548918
CaiChenFang_2009,10.0,5.0,0.0003901822907586,0.3333333333333333,1,0.0007757106113086
CaiChenFang_2009,11.0,6.0,0.0051549994396632,0.3333333333333333,1,0.0005449082387884
CaiChenFang_2009,12.0,6.0,0.0001375436541291,0.3333333333333333,1,0.0007924859943114
CaiChenFang_2009,13.0,7.0,0.0057170375531667,0.3333333333333333,1,0.0005017941548918
CaiChenFang_2009,14.0,7.0,8.18343015422182e-06,0.3333333333333333,1,0.0007757106113086
CaiChenFang_2009,15.0,8.0,0.0001482367925041,0.3333333333333333,1,0.0005449082387881
CaiChenFang_2009,16.0,8.0,9.269588179909965e-06,0.3333333333333333,1,0.0007924859943074
CaiChenFang_2009,17.0,9.0,0.2446849733950536,0.6666666666666666,1,0.0004688633294654
CaiChenFang_2009,18.0,9.0,0.1689548319408893,0.6666666666666666,1,0.0004233653232323
CaiChenFang_2009,19.0,10.0,0.2203380694519928,1.0,1,0.0006878676989716
CaiChenFang_2009,20.0,10.0,0.1693407699938952,0.6666666666666666,1,0.0004318934019037
CaiChenFang_2009,21.0,11.0,0.2442528448452901,0.6666666666666666,1,0.0004688633294654
CaiChenFang_2009,22.0,11.0,0.2990684529475212,1.0,1,0.0004233653232323
CaiChenFang_2009,23.0,12.0,0.2141025419910101,1.0,1,0.0006878676989715
CaiChenFang_2009,24.0,12.0,0.2923476459074,1.0,1,0.0004318934019041
CaiChenFang_2009,25.0,13.0,0.3604515623911384,1.0,1,0.0002693788754217
CaiChenFang_2009,26.0,13.0,0.8023597674610149,1.0,1,0.0002383267499414
CaiChenFang_2009,27.0,14.0,0.8866736752457622,1.0,1,0.0002976088924779
CaiChenFang_2009,28.0,14.0,0.8055521482827259,1.0,1,0.0002381911418964
CaiChenFang_2009,29.0,15.0,0.359492131482871,1.0,1,0.0002693788754217
CaiChenFang_2009,30.0,15.0,0.9996191950187454,1.0,1,0.0002383267499414
CaiChenFang_2009,31.0,16.0,0.8781318762489372,0.6666666666666666,1,0.000297608892479
CaiChenFang_2009,32.0,16.0,0.988258040345243,1.0,1,0.0002381911418975
CallenIsaqzadehLongSprenger_2014,1.0,1.0,0.0028781441046677,0.0024984384759525,1,0.0103725520321132
CallenIsaqzadehLongSprenger_2014,2.0,2.0,0.0002036660997945,0.0012492192379762,1,0.0109447475356904
CallenIsaqzadehLongSprenger_2014,3.0,3.0,0.0522783546548909,0.0437226733291692,1,0.0101032482629037
CallenIsaqzadehLongSprenger_2014,4.0,4.0,0.0110750732501949,0.0093691442848219,1,0.0104533024305587
CallenIsaqzadehLongSprenger_2014,5.0,5.0,0.0025002958314263,0.0031230480949406,1,0.010597346526598
CallenIsaqzadehLongSprenger_2014,6.0,6.0,0.0001794619959636,0.0012492192379762,1,0.0110743506086546
CallenIsaqzadehLongSprenger_2014,7.0,7.0,0.82237442198389,0.8226108682073704,1,0.0164777109292394
CallenIsaqzadehLongSprenger_2014,8.0,7.0,0.0036471544940062,0.0156152404747033,1,0.0117287808072422
CallenIsaqzadehLongSprenger_2014,9.0,8.0,0.3656500303861627,0.3860087445346658,1,0.0179586549359877
CallenIsaqzadehLongSprenger_2014,10.0,8.0,0.0058347578150743,0.0199875078076202,1,0.0114531086540319
CallenIsaqzadehLongSprenger_2014,11.0,9.0,0.9651206731973414,0.9725171767645222,1,0.0164613879575957
CallenIsaqzadehLongSprenger_2014,12.0,9.0,0.044632860335933,0.0537164272329793,1,0.0113326626509274
CallenIsaqzadehLongSprenger_2014,13.0,10.0,0.5739113873273789,0.584634603372892,1,0.0177605973971269
CallenIsaqzadehLongSprenger_2014,14.0,10.0,0.053330558310226,0.0718301061836352,1,0.0113790903195122
CallenIsaqzadehLongSprenger_2014,15.0,11.0,0.7798080545700017,0.7807620237351656,1,0.016480575732359
CallenIsaqzadehLongSprenger_2014,16.0,11.0,0.0038103587358806,0.0168644597126795,1,0.0119407169910122
CallenIsaqzadehLongSprenger_2014,17.0,12.0,0.3471330222105914,0.3372891942535915,1,0.0179624694503593
CallenIsaqzadehLongSprenger_2014,18.0,12.0,0.0059075072062574,0.0206121174266083,1,0.0116220590653889
CallenIsaqzadehLongSprenger_2014,19.0,13.0,0.0008204422842148,0.0068707058088694,1,0.0129289794566297
CallenIsaqzadehLongSprenger_2014,20.0,14.0,2.037679347821529e-05,0.0012492192379762,1,0.0153156631820316
CallenIsaqzadehLongSprenger_2014,21.0,15.0,0.0225505671311887,0.0549656464709556,1,0.012484095746729
CallenIsaqzadehLongSprenger_2014,22.0,16.0,0.0013196202904328,0.0093691442848219,1,0.0146872152410563
CallenIsaqzadehLongSprenger_2014,23.0,17.0,0.0004565008932459,0.004996876951905,1,0.0133843968845523
CallenIsaqzadehLongSprenger_2014,24.0,18.0,9.11262309681594e-06,0.0012492192379762,1,0.0151034016699791
CallenIsaqzadehLongSprenger_2014,25.0,19.0,0.5033939618018791,0.6214865708931917,1,0.0203008440486365
CallenIsaqzadehLongSprenger_2014,26.0,19.0,0.0180740696966979,0.0524672079950031,1,0.0126183861046421
CallenIsaqzadehLongSprenger_2014,27.0,20.0,0.1585131683696706,0.2979387882573391,1,0.028035677392579
CallenIsaqzadehLongSprenger_2014,28.0,20.0,0.029132703702101,0.0924422236102436,1,0.0129821945385626
CallenIsaqzadehLongSprenger_2014,29.0,21.0,0.5992569818746676,0.6901936289818863,1,0.0202422493192811
CallenIsaqzadehLongSprenger_2014,30.0,21.0,0.1311874511908023,0.207995003123048,1,0.0122029456915711
CallenIsaqzadehLongSprenger_2014,31.0,22.0,0.2199721665298762,0.3622735790131168,1,0.0278999527929333
CallenIsaqzadehLongSprenger_2014,32.0,22.0,0.1586028354891313,0.2617114303560275,1,0.0133813393981471
CallenIsaqzadehLongSprenger_2014,33.0,23.0,0.4243345630177066,0.5359150530918176,1,0.0202836929043832
CallenIsaqzadehLongSprenger_2014,34.0,23.0,0.0183130788587889,0.0655840099937539,1,0.0129863884671201
CallenIsaqzadehLongSprenger_2014,35.0,24.0,0.1315802549759372,0.236102435977514,1,0.027860914606944
CallenIsaqzadehLongSprenger_2014,36.0,24.0,0.0275579893681794,0.084946908182386,1,0.0129836159800707
CallenIsaqzadehLongSprenger_2014,37.0,25.0,0.4998489690690817,0.4759525296689569,1,0.0246435596247194
CallenIsaqzadehLongSprenger_2014,38.0,25.0,0.004272559935837,0.0124921923797626,1,0.012922414162258
CallenIsaqzadehLongSprenger_2014,39.0,25.0,0.9883609994252528,0.99000624609619,1,0.0111362020452982
CallenIsaqzadehLongSprenger_2014,40.0,26.0,0.3997511305140586,0.3872579637726421,1,0.0253385865014399
CallenIsaqzadehLongSprenger_2014,41.0,26.0,0.0060971678005538,0.0199875078076202,1,0.0121843129335839
CallenIsaqzadehLongSprenger_2014,42.0,26.0,0.8884578492849267,0.8875702685821362,1,0.0104471706440847
CallenIsaqzadehLongSprenger_2014,43.0,27.0,0.6175332768144576,0.622735790131168,1,0.018858120271236
CallenIsaqzadehLongSprenger_2014,44.0,27.0,0.0038822956617929,0.0174890693316677,1,0.0117597249302345
CallenIsaqzadehLongSprenger_2014,45.0,27.0,0.529637730043736,0.5252966895690193,1,0.0270685288695504
CallenIsaqzadehLongSprenger_2014,46.0,28.0,0.5494871632573026,0.5677701436602124,1,0.018655786764165
CallenIsaqzadehLongSprenger_2014,47.0,28.0,0.0070773792214154,0.0312304809494066,1,0.0108507067250828
CallenIsaqzadehLongSprenger_2014,48.0,28.0,0.6711703256214931,0.6502186133666459,1,0.0263593349737878
CallenIsaqzadehLongSprenger_2014,49.0,29.0,0.6975608108678029,0.7095565271705184,1,0.0173988157143427
CallenIsaqzadehLongSprenger_2014,50.0,29.0,0.0030076388422821,0.0156152404747033,1,0.0111925819171846
CallenIsaqzadehLongSprenger_2014,51.0,29.0,0.6233198640175791,0.6296064959400375,1,0.018443513483022
CallenIsaqzadehLongSprenger_2014,52.0,30.0,0.5547521913849263,0.5890068707058088,1,0.0176531147129704
CallenIsaqzadehLongSprenger_2014,53.0,30.0,0.0055533274486633,0.0281074328544659,1,0.0104671364517757
CallenIsaqzadehLongSprenger_2014,54.0,30.0,0.577061453664486,0.5771392879450343,1,0.0189042681604176
CallenIsaqzadehLongSprenger_2014,55.0,31.0,0.4100906312346499,0.3853841349156777,1,0.0302194103675949
CallenIsaqzadehLongSprenger_2014,56.0,31.0,0.003617219894437,0.0187382885696439,1,0.0115300727263453
CallenIsaqzadehLongSprenger_2014,57.0,31.0,0.2247990651901225,0.1980012492192379,1,0.0212958514860837
CallenIsaqzadehLongSprenger_2014,58.0,32.0,0.4645429619872022,0.4378513429106808,1,0.0305132013189554
CallenIsaqzadehLongSprenger_2014,59.0,32.0,0.0060232520677244,0.0274828232354778,1,0.010698881371175
CallenIsaqzadehLongSprenger_2014,60.0,32.0,0.2110408705288451,0.1923797626483447,1,0.0219934300343198
CameraCasari_2014,1.0,1.0,0.0045226984211487,0.3353664633536646,1,0.3052846880145428
CameraCasari_2014,2.0,2.0,0.4255735895997259,1.0,1,0.3653336480261335
CarpenterMatthewsSchirm_2010,1.0,1.0,0.0074520523535298,0.3333333333333333,1,0.0119047619047619
CarpenterMatthewsSchirm_2010,2.0,1.0,0.0058989063453217,0.3333333333333333,1,0.0119047619047619
CarpenterMatthewsSchirm_2010,3.0,2.0,0.0019928219619241,0.3333333333333333,1,0.0125017247735939
CarpenterMatthewsSchirm_2010,4.0,2.0,0.0012949174490071,0.3333333333333333,1,0.0146840352208188
CarpenterMatthewsSchirm_2010,5.0,3.0,0.0037747165406664,0.6666666666666666,1,0.0124491436339799
CarpenterMatthewsSchirm_2010,6.0,3.0,0.3241510175164247,0.6666666666666666,1,0.0229058644857011
CarpenterMatthewsSchirm_2010,7.0,4.0,0.0025530990267304,0.3333333333333333,1,0.0179838270801121
CarpenterMatthewsSchirm_2010,8.0,4.0,0.4382650132800474,0.6666666666666666,1,0.0279880152348348
CarpenterMatthewsSchirm_2010,9.0,5.0,0.0012813297800581,0.3333333333333333,1,0.0179838270801121
CarpenterMatthewsSchirm_2010,10.0,5.0,0.4826116923537162,0.6666666666666666,1,0.0279880152348348
CarpenterMatthewsSchirm_2010,11.0,6.0,0.258865433317214,0.3333333333333333,1,0.0308363344955716
CarpenterMatthewsSchirm_2010,12.0,6.0,0.0014358631744218,0.3333333333333333,1,0.0316194210823477
CarpenterMatthewsSchirm_2010,13.0,6.0,0.0184555896828438,0.3333333333333333,1,0.154438025020119
CarpenterMatthewsSchirm_2010,14.0,6.0,0.4738629653045924,1.0,1,0.0527260223445222
CarpenterMatthewsSchirm_2010,15.0,6.0,0.3975081582373764,0.6666666666666666,1,0.0915593422976154
CarpenterMatthewsSchirm_2010,16.0,6.0,1.313469225466555e-07,0.3333333333333333,1,0.0855317016718369
CarpenterMatthewsSchirm_2010,17.0,7.0,0.2587865335075045,0.3333333333333333,1,0.0308363344955716
CarpenterMatthewsSchirm_2010,18.0,7.0,0.0014260818388551,0.3333333333333333,1,0.0316194210823476
CarpenterMatthewsSchirm_2010,19.0,7.0,0.0182627312397204,0.3333333333333333,1,0.1544380250201188
CarpenterMatthewsSchirm_2010,20.0,7.0,0.4706518681177937,1.0,1,0.0527260223445223
CarpenterMatthewsSchirm_2010,21.0,7.0,0.3971233973112697,0.6666666666666666,1,0.0915593422976154
CarpenterMatthewsSchirm_2010,22.0,7.0,1.25208032228092e-07,0.3333333333333333,1,0.0855317016718368
CarpenterMatthewsSchirm_2010,23.0,8.0,0.0001374070287644,0.3333333333333333,1,0.0308363344955716
CarpenterMatthewsSchirm_2010,24.0,8.0,2.3757534461872425e-12,0.3333333333333333,1,0.0316194210823477
CarpenterMatthewsSchirm_2010,25.0,8.0,0.0496371756179622,0.3333333333333333,1,0.154438025020119
CarpenterMatthewsSchirm_2010,26.0,8.0,0.1994506940544707,0.6666666666666666,1,0.0527260223445222
CarpenterMatthewsSchirm_2010,27.0,8.0,0.5232325443019858,0.3333333333333333,1,0.0915593422976154
CarpenterMatthewsSchirm_2010,28.0,8.0,0.0160415013480149,0.3333333333333333,1,0.0855317016718369
CarpenterMatthewsSchirm_2010,29.0,9.0,0.0012483592710147,0.3333333333333333,1,0.0308363344955716
CarpenterMatthewsSchirm_2010,30.0,9.0,2.9176189554684336e-10,0.3333333333333333,1,0.0316194210823477
CarpenterMatthewsSchirm_2010,31.0,9.0,0.0622421634283114,0.6666666666666666,1,0.154438025020119
CarpenterMatthewsSchirm_2010,32.0,9.0,0.1879943534242367,0.6666666666666666,1,0.0527260223445222
CarpenterMatthewsSchirm_2010,33.0,9.0,0.5903364600190648,1.0,1,0.0915593422976154
CarpenterMatthewsSchirm_2010,34.0,9.0,0.0200842857386402,0.3333333333333333,1,0.0855317016718369
ChenChen_2011,1.0,1.0,0.2173522853537211,0.311968803119688,1,0.2222222222222112
ChenChen_2011,2.0,1.0,0.1604501363984726,0.278972102789721,1,0.2222222222222112
ChenChen_2011,3.0,1.0,0.000761502673789,0.0668933106689331,1,0.1666666666666686
ChenChen_2011,4.0,1.0,0.3688560258477291,0.4638536146385361,1,0.1666666666666686
ChenChen_2011,5.0,2.0,0.3766737030448866,0.5201479852014799,1,0.1960736639557667
ChenChen_2011,6.0,2.0,0.3075582141212469,0.4712528747125287,1,0.2197137905609033
ChenChen_2011,7.0,2.0,0.0006906004667311,0.0962903709629037,1,0.1701542400072152
ChenChen_2011,8.0,2.0,0.3688098102005572,0.543045695430457,1,0.176090364225925
ChenLi_2009,1.0,1.0,0.6944356399461381,0.7671232876712328,1,0.4402985074626869
ChenLi_2009,2.0,1.0,1.698338136669227e-05,0.0021997800219978,1,0.1966666666666666
ChenLi_2009,3.0,1.0,0.3192242703572501,0.4738526147385261,1,0.3333333333333336
ChenLi_2009,4.0,1.0,0.1391745973639412,0.3292670732926707,1,0.3297872340425544
ChenLi_2009,5.0,2.0,0.6664127853403754,0.7565243475652434,1,0.4402985074626869
ChenLi_2009,6.0,2.0,6.642793316224941e-11,0.0001999800019998,1,0.1966666666666666
ChenLi_2009,7.0,2.0,0.929493519598906,0.942105789421058,1,0.3333333333333336
ChenLi_2009,8.0,2.0,0.1336957085502245,0.3381661833816618,1,0.3297872340425544
ColeGineTobacmanTopalovaTownsendVickery_2013,1.0,1.0,7.044823495170829e-06,0.0001009998990001,1,0.0046787598532166
ColeGineTobacmanTopalovaTownsendVickery_2013,2.0,1.0,0.1137817528629881,0.1117058882941117,1,0.0023120315527483
ColeGineTobacmanTopalovaTownsendVickery_2013,3.0,1.0,0.9362542614018734,0.9352590647409352,1,0.0015419670230572
ColeGineTobacmanTopalovaTownsendVickery_2013,4.0,1.0,6.528557382235337e-30,0.0001009998990001,1,0.0022203410277618
ColeGineTobacmanTopalovaTownsendVickery_2013,5.0,1.0,0.714602086750994,0.7139682860317139,1,0.0025674234187829
ColeGineTobacmanTopalovaTownsendVickery_2013,6.0,2.0,0.0031172295410154,0.0031309968690031,1,0.0056447494147648
ColeGineTobacmanTopalovaTownsendVickery_2013,7.0,2.0,0.0888240584725271,0.0884759115240884,1,0.0027891442880778
ColeGineTobacmanTopalovaTownsendVickery_2013,8.0,2.0,0.9848155891733036,0.985052014947985,1,0.001710359399064
ColeGineTobacmanTopalovaTownsendVickery_2013,9.0,2.0,8.483078388136247e-30,0.0001009998990001,1,0.0038432514030221
ColeGineTobacmanTopalovaTownsendVickery_2013,10.0,2.0,0.2338931683026568,0.2338147661852338,1,0.003795040217915
ColeGineTobacmanTopalovaTownsendVickery_2013,11.0,3.0,0.006786849822872,0.0072719927280072,1,0.0075351280372925
ColeGineTobacmanTopalovaTownsendVickery_2013,12.0,3.0,0.1282852580380136,0.1314008685991314,1,0.0034697824655817
ColeGineTobacmanTopalovaTownsendVickery_2013,13.0,3.0,0.9026084269197652,0.9029390970609028,1,0.0024840603752386
ColeGineTobacmanTopalovaTownsendVickery_2013,14.0,3.0,1.3944910347591455e-28,0.0001009998990001,1,0.0039902597135859
ColeGineTobacmanTopalovaTownsendVickery_2013,15.0,3.0,0.1511000608856609,0.1551358448641551,1,0.0048386707762429
ColeGineTobacmanTopalovaTownsendVickery_2013,16.0,4.0,0.0064750215213032,0.0067669932330067,1,0.0076905557199313
ColeGineTobacmanTopalovaTownsendVickery_2013,17.0,4.0,0.0198428172267639,0.019088980911019,1,0.0049652453025287
ColeGineTobacmanTopalovaTownsendVickery_2013,18.0,4.0,0.9426698276541094,0.9431370568629432,1,0.0035076674091052
ColeGineTobacmanTopalovaTownsendVickery_2013,19.0,4.0,6.272115005649458e-23,0.0001009998990001,1,0.0047474194723186
ColeGineTobacmanTopalovaTownsendVickery_2013,20.0,4.0,0.1685692796893128,0.1704878295121704,1,0.0049171939984532
ColeGineTobacmanTopalovaTownsendVickery_2013,21.0,4.0,0.0256139355999468,0.0264619735380264,1,0.0174952033935993
ColeGineTobacmanTopalovaTownsendVickery_2013,22.0,4.0,0.6368498491948116,0.6394303605696394,1,0.0115048432690438
ColeGineTobacmanTopalovaTownsendVickery_2013,23.0,4.0,0.6012970934660118,0.5918594081405919,1,0.0158266859358871
ColeGineTobacmanTopalovaTownsendVickery_2013,24.0,5.0,0.0074816664523361,0.0079789920210079,1,0.0075095714954868
ColeGineTobacmanTopalovaTownsendVickery_2013,25.0,5.0,0.1388638946079721,0.1436218563781436,1,0.0035224242664282
ColeGineTobacmanTopalovaTownsendVickery_2013,26.0,5.0,0.8272165840859984,0.8240581759418241,1,0.0028464847147638
ColeGineTobacmanTopalovaTownsendVickery_2013,27.0,5.0,1.8168082153212903e-28,0.0001009998990001,1,0.0043257485179739
ColeGineTobacmanTopalovaTownsendVickery_2013,28.0,5.0,0.1349096331302991,0.1377638622361377,1,0.0053479309264754
ColeGineTobacmanTopalovaTownsendVickery_2013,29.0,5.0,0.7763166990096728,0.7761842238157762,1,0.0369187486145544
ColeGineTobacmanTopalovaTownsendVickery_2013,30.0,5.0,0.6592939546062344,0.6627613372386627,1,0.0307432598065154
ColeGineTobacmanTopalovaTownsendVickery_2013,31.0,5.0,0.0996036200884192,0.105039894960105,1,0.0613037711328711
ColeGineTobacmanTopalovaTownsendVickery_2013,32.0,6.0,0.0056334204751236,0.0062619937380062,1,0.0075016588959831
ColeGineTobacmanTopalovaTownsendVickery_2013,33.0,6.0,0.6476066186281977,0.6471063528936472,1,0.0212145774814054
ColeGineTobacmanTopalovaTownsendVickery_2013,34.0,6.0,0.0940016244584411,0.0978689021310978,1,0.0239803044328485
ColeGineTobacmanTopalovaTownsendVickery_2013,35.0,6.0,0.0001716322310242,0.0002019997980002,1,0.0253101546748769
ColeGineTobacmanTopalovaTownsendVickery_2013,36.0,6.0,0.1508390964883183,0.1534188465811534,1,0.0048468420999567
ColeGineTobacmanTopalovaTownsendVickery_2013,37.0,6.0,0.7490031247837536,0.7488132511867488,1,0.0223656266278629
ColeGineTobacmanTopalovaTownsendVickery_2013,38.0,6.0,0.0957645447872185,0.0972629027370972,1,0.0230581779790214
ColeGineTobacmanTopalovaTownsendVickery_2013,39.0,6.0,0.0045158881879189,0.0047469952530047,1,0.024710079779248
ColeGineTobacmanTopalovaTownsendVickery_2013,40.0,7.0,0.0006075067024226,0.0009089990910009,1,0.1230743274472297
ColeGineTobacmanTopalovaTownsendVickery_2013,41.0,7.0,0.3506531530561837,0.3472376527623472,1,0.0506367920128394
ColeGineTobacmanTopalovaTownsendVickery_2013,42.0,7.0,0.3750852866019531,0.3841026158973841,1,0.0486436451238192
ColeGineTobacmanTopalovaTownsendVickery_2013,43.0,7.0,0.2586978230814947,0.2579537420462579,1,0.0504206239126194
ColeGineTobacmanTopalovaTownsendVickery_2013,44.0,7.0,0.3226568868304528,0.3266336733663266,1,0.0511756827017305
ColeGineTobacmanTopalovaTownsendVickery_2013,45.0,8.0,0.0001910542890007,0.0004039995960004,1,0.1096147922866679
ColeGineTobacmanTopalovaTownsendVickery_2013,46.0,8.0,0.2668127343640412,0.2606807393192606,1,0.0509199736031599
ColeGineTobacmanTopalovaTownsendVickery_2013,47.0,8.0,0.4234518889981021,0.4253105746894253,1,0.0485762003196918
ColeGineTobacmanTopalovaTownsendVickery_2013,48.0,8.0,0.1172360276529473,0.1197858802141197,1,0.0502673215279722
ColeGineTobacmanTopalovaTownsendVickery_2013,49.0,8.0,0.5163368165200227,0.5164124835875165,1,0.0514701614840042
ColeGineTobacmanTopalovaTownsendVickery_2013,50.0,9.0,0.0200145177617399,0.0227249772750227,1,0.1507890975899037
ColeGineTobacmanTopalovaTownsendVickery_2013,51.0,9.0,0.0562830593580721,0.0581759418240581,1,0.0636081642654969
ColeGineTobacmanTopalovaTownsendVickery_2013,52.0,9.0,0.1999976063695472,0.2006867993132007,1,0.0643827378025609
ColeGineTobacmanTopalovaTownsendVickery_2013,53.0,9.0,0.3598802485463942,0.3621856378143622,1,0.0603084432471977
ColeGineTobacmanTopalovaTownsendVickery_2013,54.0,9.0,0.6186760490378234,0.6255933744066255,1,0.0649002265241883
ColeGineTobacmanTopalovaTownsendVickery_2013,55.0,9.0,0.2163841400191944,0.2223007776992223,1,0.1131984581501444
ColeGineTobacmanTopalovaTownsendVickery_2013,56.0,9.0,0.7193422957267183,0.7283102716897283,1,0.1163296871618501
ColeGineTobacmanTopalovaTownsendVickery_2013,57.0,9.0,0.0490706628370495,0.0536309463690536,1,0.1268997005760281
ColeGineTobacmanTopalovaTownsendVickery_2013,58.0,9.0,0.1125676112562767,0.1166548833451166,1,0.1264858645040456
ColeGineTobacmanTopalovaTownsendVickery_2013,59.0,9.0,0.4631695268229903,0.4643975356024644,1,0.155204579719191
ColeGineTobacmanTopalovaTownsendVickery_2013,60.0,10.0,0.0138194536832834,0.0156549843450156,1,0.1440834347777329
ColeGineTobacmanTopalovaTownsendVickery_2013,61.0,10.0,0.0583122839771127,0.0573679426320573,1,0.0638851355390643
ColeGineTobacmanTopalovaTownsendVickery_2013,62.0,10.0,0.1809786283453244,0.1809918190081809,1,0.064037712071789
ColeGineTobacmanTopalovaTownsendVickery_2013,63.0,10.0,0.2128080275247732,0.2134127865872134,1,0.0602724002948263
ColeGineTobacmanTopalovaTownsendVickery_2013,64.0,10.0,0.4424319348598724,0.4412685587314413,1,0.0647266707569872
ColeGineTobacmanTopalovaTownsendVickery_2013,65.0,10.0,0.1839937752564377,0.187051812948187,1,0.1142393584615011
ColeGineTobacmanTopalovaTownsendVickery_2013,66.0,10.0,0.6007416924874728,0.6004443995556005,1,0.1169789862095442
ColeGineTobacmanTopalovaTownsendVickery_2013,67.0,10.0,0.0856502625548982,0.0873649126350873,1,0.127945653418104
ColeGineTobacmanTopalovaTownsendVickery_2013,68.0,10.0,0.0773276959581014,0.0804969195030805,1,0.1280497709431904
ColeGineTobacmanTopalovaTownsendVickery_2013,69.0,10.0,0.6312142049355917,0.6216543783456216,1,0.1555333571582278
ColeGineTobacmanTopalovaTownsendVickery_2013,70.0,11.0,0.9226519245576048,0.9227350772649228,1,0.036266243602211
ColeGineTobacmanTopalovaTownsendVickery_2013,71.0,11.0,0.9055030204514348,0.9053630946369052,1,0.0379247432572796
ColeGineTobacmanTopalovaTownsendVickery_2013,72.0,11.0,0.2717392801020115,0.2700737299262701,1,0.034040009252749
ColeGineTobacmanTopalovaTownsendVickery_2013,73.0,12.0,0.8758937094646666,0.8726391273608727,1,0.036072410920574
ColeGineTobacmanTopalovaTownsendVickery_2013,74.0,12.0,0.7019555017729845,0.6963943036056964,1,0.0383675425704255
ColeGineTobacmanTopalovaTownsendVickery_2013,75.0,12.0,0.4143694066250782,0.4084435915564084,1,0.033951688350693
ColeGineTobacmanTopalovaTownsendVickery_2013,76.0,13.0,0.2135353305949481,0.2155337844662155,1,0.0452815047341152
ColeGineTobacmanTopalovaTownsendVickery_2013,77.0,13.0,0.6947500097401667,0.694071305928694,1,0.0493013140645204
ColeGineTobacmanTopalovaTownsendVickery_2013,78.0,13.0,0.0717554177534705,0.0684779315220684,1,0.043000065264385
ColeGineTobacmanTopalovaTownsendVickery_2013,79.0,13.0,0.0394768296975874,0.0416119583880416,1,0.0358871973417601
ColeGineTobacmanTopalovaTownsendVickery_2013,80.0,13.0,0.6891898230967934,0.6923543076456924,1,0.0379556627149731
ColeGineTobacmanTopalovaTownsendVickery_2013,81.0,14.0,0.1895748712013558,0.19008180991819,1,0.0429759620817543
ColeGineTobacmanTopalovaTownsendVickery_2013,82.0,14.0,0.4661323404034047,0.4647005352994647,1,0.0484628289119821
ColeGineTobacmanTopalovaTownsendVickery_2013,83.0,14.0,0.0402084743407628,0.0376729623270376,1,0.0436538905140437
ColeGineTobacmanTopalovaTownsendVickery_2013,84.0,14.0,0.0218066803612453,0.0228259771740228,1,0.0361749880997426
ColeGineTobacmanTopalovaTownsendVickery_2013,85.0,14.0,0.5243537970093022,0.5291384708615291,1,0.0383077605028108
ColeGineTobacmanTopalovaTownsendVickery_2013,86.0,15.0,0.2146178898833984,0.2227047772952227,1,0.3177515884478317
ColeGineTobacmanTopalovaTownsendVickery_2013,87.0,15.0,0.5184698709495268,0.5535804464195536,1,0.404639838905459
ColeGineTobacmanTopalovaTownsendVickery_2013,88.0,15.0,0.0439263133853206,0.0275729724270275,1,0.2757622984944647
ColeGineTobacmanTopalovaTownsendVickery_2013,89.0,15.0,0.3280685316482538,0.3477426522573477,1,0.2962441641651627
ColeGineTobacmanTopalovaTownsendVickery_2013,90.0,15.0,0.0282408119131163,0.0129279870720129,1,0.3427882934802695
ColeGineTobacmanTopalovaTownsendVickery_2013,91.0,16.0,0.1826010844855762,0.1286738713261286,1,0.3381050286721949
ColeGineTobacmanTopalovaTownsendVickery_2013,92.0,16.0,0.3725709077068579,0.3618826381173619,1,0.4386492676669831
ColeGineTobacmanTopalovaTownsendVickery_2013,93.0,16.0,0.1025624168436167,0.0403999596000404,1,0.2915221567827858
ColeGineTobacmanTopalovaTownsendVickery_2013,94.0,16.0,0.2533619831864904,0.2120997879002121,1,0.3270404035320018
ColeGineTobacmanTopalovaTownsendVickery_2013,95.0,16.0,0.0687771114361417,0.016058983941016,1,0.3721534870260611
ColeGineTobacmanTopalovaTownsendVickery_2013,96.0,17.0,0.3179778838866479,0.3245126754873245,1,0.0521114482431892
ColeGineTobacmanTopalovaTownsendVickery_2013,97.0,17.0,0.944160143303475,0.9412180587819412,1,0.0561276121745637
ColeGineTobacmanTopalovaTownsendVickery_2013,98.0,17.0,0.1298583395908648,0.1344308655691344,1,0.0487020967748769
ColeGineTobacmanTopalovaTownsendVickery_2013,99.0,17.0,0.0483259520145812,0.0494899505100494,1,0.0413618531946356
ColeGineTobacmanTopalovaTownsendVickery_2013,100.0,17.0,0.996686581338712,0.9973740026259974,1,0.0447834247683593
ColeGineTobacmanTopalovaTownsendVickery_2013,101.0,18.0,0.3015146049867156,0.3021916978083022,1,0.049981588420359
ColeGineTobacmanTopalovaTownsendVickery_2013,102.0,18.0,0.6907843697939813,0.6931623068376932,1,0.0553364604137854
ColeGineTobacmanTopalovaTownsendVickery_2013,103.0,18.0,0.1204552592959816,0.1161498838501161,1,0.0490407104947146
ColeGineTobacmanTopalovaTownsendVickery_2013,104.0,18.0,0.056224432421867,0.0599939400060599,1,0.0419589162160112
ColeGineTobacmanTopalovaTownsendVickery_2013,105.0,18.0,0.772790491765833,0.7764872235127764,1,0.0451928527670618
DeMelMcKenzieWoodruff_2013,1.0,1.0,0.5677255349668886,0.5814418558144185,1,0.0048306956201693
DeMelMcKenzieWoodruff_2013,2.0,1.0,0.000423813847711,0.0006999300069993,1,0.0048306956201693
DeMelMcKenzieWoodruff_2013,3.0,1.0,0.002868952307067,0.0032996700329967,1,0.0047619047619047
DeMelMcKenzieWoodruff_2013,4.0,1.0,1.0437072282909976e-08,9.999000099990002e-05,1,0.0049730036942313
DeMelMcKenzieWoodruff_2013,5.0,2.0,0.6909067732687576,0.7318268173182682,1,0.0051357502227343
DeMelMcKenzieWoodruff_2013,6.0,2.0,0.0004652784777186,0.0006999300069993,1,0.0051357502227343
DeMelMcKenzieWoodruff_2013,7.0,2.0,0.0070582702955329,0.0073992600739926,1,0.0047619047619047
DeMelMcKenzieWoodruff_2013,8.0,2.0,3.569422353449728e-09,9.999000099990002e-05,1,0.0059582035590092
DeMelMcKenzieWoodruff_2013,9.0,3.0,0.8085900681338358,0.8326167383261673,1,0.0135899194032248
DeMelMcKenzieWoodruff_2013,10.0,3.0,0.0006477256093129,0.000999900009999,1,0.0153071288273212
DeMelMcKenzieWoodruff_2013,11.0,4.0,0.7897389341331125,0.8137186281371863,1,0.0136489830760593
DeMelMcKenzieWoodruff_2013,12.0,4.0,0.0006355472223,0.0011998800119988,1,0.0154946257105312
DeMelMcKenzieWoodruff_2013,13.0,5.0,0.9410685202819348,0.9506049395060494,1,0.0172314490564454
DeMelMcKenzieWoodruff_2013,14.0,5.0,0.0009577794083001,0.0018998100189981,1,0.0169704864034902
DeMelMcKenzieWoodruff_2013,15.0,6.0,0.8491041428023998,0.8737126287371263,1,0.0143917514286407
DeMelMcKenzieWoodruff_2013,16.0,6.0,0.0005824257239459,0.0014998500149985,1,0.0153800641995966
DeMelMcKenzieWoodruff_2013,17.0,7.0,0.6085569301913245,0.6401359864013598,1,0.0162618244000598
DeMelMcKenzieWoodruff_2013,18.0,7.0,0.0006533241173967,0.000999900009999,1,0.0121153538333327
DupasRobinson_2013a,1.0,1.0,0.0068646566830923,0.000999900009999,1,0.009485962545469
DupasRobinson_2013a,2.0,2.0,0.0106775857577021,0.0012998700129987,1,0.0131530372859879
DupasRobinson_2013a,3.0,2.0,0.3743711501009311,0.4132586741325867,0,
DupasRobinson_2013a,4.0,2.0,0.0414044916145419,0.0268973102689731,1,0.0242904844913839
DupasRobinson_2013a,5.0,3.0,0.0962584286820566,0.0323967603239676,1,0.009485962545469
DupasRobinson_2013a,6.0,4.0,0.0987032852035561,0.0318968103189681,1,0.0131530372859879
DupasRobinson_2013a,7.0,4.0,0.1474385510271492,0.0464953504649535,0,
DupasRobinson_2013a,8.0,4.0,0.2635596488740727,0.263973602639736,1,0.0242904844913839
DupasRobinson_2013a,9.0,5.0,0.2673598892037558,0.3006699330066993,1,0.009485962545469
DupasRobinson_2013a,10.0,6.0,0.2136237843901988,0.245975402459754,1,0.0131530372859879
DupasRobinson_2013a,11.0,6.0,0.0682536768435158,0.0587941205879412,0,
DupasRobinson_2013a,12.0,6.0,0.373855299642717,0.383961603839616,1,0.0242904844913839
DupasRobinson_2013a,13.0,7.0,0.6900589213791581,0.6838316168383162,1,0.0098331455786921
DupasRobinson_2013a,14.0,8.0,0.485417173957902,0.4835516448355164,1,0.0131952323424951
DupasRobinson_2013a,15.0,8.0,0.8357910602412164,0.8445155484451555,0,
DupasRobinson_2013a,16.0,8.0,0.5103309271788469,0.5112488751124887,1,0.0242897544433064
DupasRobinson_2013a,17.0,9.0,0.0888383474507203,0.0920907909209079,1,0.0100255088463656
DupasRobinson_2013a,18.0,10.0,0.1699945294766022,0.1818818118188181,1,0.0128164626040039
DupasRobinson_2013a,19.0,10.0,0.926742446676881,0.9502049795020496,0,
DupasRobinson_2013a,20.0,10.0,0.6637761148550227,0.6901309869013099,1,0.0243748094483271
DupasRobinson_2013a,21.0,11.0,0.0638230277837182,0.0590940905909409,1,0.0100255088463656
DupasRobinson_2013a,22.0,12.0,0.1420604546814654,0.1401859814018598,1,0.0128164626040039
DupasRobinson_2013a,23.0,12.0,0.6908608508321359,0.7138286171382862,0,
DupasRobinson_2013a,24.0,12.0,0.7220042179646116,0.7481251874812519,1,0.0243748094483271
DupasRobinson_2013a,25.0,13.0,0.1986873299973093,0.2055794420557944,1,0.0101105126482815
DupasRobinson_2013a,26.0,14.0,0.3833604169144426,0.3999600039996,1,0.0128484639923495
DupasRobinson_2013a,27.0,14.0,0.4083853142608487,0.4706529347065293,0,
DupasRobinson_2013a,28.0,14.0,0.9871450864419938,0.99000099990001,1,0.0288524562478651
DupasRobinson_2013a,29.0,15.0,0.1314692375128475,0.1350864913508649,1,0.009485962545469
DupasRobinson_2013a,30.0,16.0,0.1129783402492965,0.1125887411258874,1,0.0131530372859879
DupasRobinson_2013a,31.0,16.0,0.1993602496840679,0.2460753924607539,0,
DupasRobinson_2013a,32.0,16.0,0.8273559040874509,0.831916808319168,1,0.0242904844913839
DupasRobinson_2013a,33.0,17.0,0.0971400199848823,0.0973902609739026,1,0.009485962545469
DupasRobinson_2013a,34.0,18.0,0.089140323767445,0.088991100889911,1,0.0131530372859879
DupasRobinson_2013a,35.0,18.0,0.1332271430026802,0.1773822617738226,0,
DupasRobinson_2013a,36.0,18.0,0.6188103573126285,0.6174382561743825,1,0.0242904844913839
DupasRobinson_2013a,37.0,19.0,0.0178883351458444,0.0178982101789821,1,0.009485962545469
DupasRobinson_2013a,38.0,20.0,0.0519673883679071,0.0491950804919508,1,0.0131530372859879
DupasRobinson_2013a,39.0,20.0,0.9814598255422584,0.9838016198380162,0,
DupasRobinson_2013a,40.0,20.0,0.6561946188508532,0.6662333766623337,1,0.0242904844913839
DupasRobinson_2013a,41.0,21.0,0.3671907061840881,0.5671432856714329,1,0.0140698307495388
DupasRobinson_2013a,42.0,21.0,0.3434768066649256,0.4243575642435756,0,
DupasRobinson_2013a,43.0,21.0,0.432561351993891,0.6873312668733127,1,0.024151331892564
DupasRobinson_2013a,44.0,22.0,0.5566752044307804,0.5633436656334366,1,0.0117462084151014
DupasRobinson_2013a,45.0,22.0,0.2938393697139504,0.3235676432356764,0,
DupasRobinson_2013a,46.0,22.0,0.680210833930339,0.6831316868313169,1,0.0320836568000204
DupasRobinson_2013a,47.0,23.0,0.0774433729772225,0.0782921707829217,1,0.0101088011954004
DupasRobinson_2013a,48.0,24.0,0.1464842073021274,0.156984301569843,1,0.0136621401057988
DupasRobinson_2013a,49.0,24.0,0.9237881511642042,0.9494050594940506,0,
DupasRobinson_2013a,50.0,24.0,0.5766873154139598,0.6077392260773923,1,0.0245558800885247
DupasRobinson_2013a,51.0,25.0,0.1680112386754983,0.1697830216978302,1,0.0136621401057988
DupasRobinson_2013a,52.0,25.0,0.6817682345601352,0.7044295570442956,0,
DupasRobinson_2013a,53.0,25.0,0.7670905888695783,0.7843215678432157,1,0.0245558800885247
DupasRobinson_2013a,54.0,26.0,0.1906353985694363,0.1978802119788021,1,0.0095841272308879
DupasRobinson_2013a,55.0,27.0,0.1867473482500838,0.1863813618638136,1,0.0140172916103213
DupasRobinson_2013a,56.0,27.0,0.2498196369227412,0.3088691130886911,0,
DupasRobinson_2013a,57.0,27.0,0.9998855699500812,1.0,1,0.0244589169731684
DupasRobinson_2013a,58.0,28.0,0.115221773833618,0.1141885811418858,1,0.0140172916103213
DupasRobinson_2013a,59.0,28.0,0.1771484440321744,0.232976702329767,0,
DupasRobinson_2013a,60.0,28.0,0.7130518034676046,0.7142285771422858,1,0.0244589169731684
DupasRobinson_2013a,61.0,29.0,0.0928609673007265,0.0902909709029097,1,0.0140172916103213
DupasRobinson_2013a,62.0,29.0,0.9162175365166896,0.9254074592540746,0,
DupasRobinson_2013a,63.0,29.0,0.5299504760606798,0.5461453854614539,1,0.0244589169731684
DupasRobinson_2013a,64.0,30.0,0.2292539105564092,0.2552744725527447,1,0.0164189835556814
DupasRobinson_2013a,65.0,31.0,0.2313427252725024,0.2581741825817418,1,0.0228220433304379
DupasRobinson_2013a,66.0,31.0,0.7506908283302581,0.8358164183581642,0,
DupasRobinson_2013a,67.0,31.0,0.2080561441931716,0.207979202079792,1,0.0237083848804136
DupasRobinson_2013a,68.0,32.0,0.2401832123662711,0.2521747825217478,1,0.0228220433304379
DupasRobinson_2013a,69.0,32.0,0.6925801412045275,0.7218278172182782,0,
DupasRobinson_2013a,70.0,32.0,0.2136554196027238,0.2195780421957804,1,0.0237083848804136
DupasRobinson_2013a,71.0,33.0,0.1053659768852898,0.113988601139886,1,0.0152525867094369
DupasRobinson_2013a,72.0,34.0,0.1099267814662879,0.1110888911108889,1,0.0220832024778728
DupasRobinson_2013a,73.0,34.0,0.0318446032517118,0.0402959704029597,0,
DupasRobinson_2013a,74.0,34.0,0.87447559756576,0.881011898810119,1,0.0234881030574678
DupasRobinson_2013a,75.0,35.0,0.0981346223057648,0.0984901509849015,1,0.0220832024778728
DupasRobinson_2013a,76.0,35.0,0.011207462130608,0.0111988801119888,0,
DupasRobinson_2013a,77.0,35.0,0.9286092428817044,0.9326067393260674,1,0.0234881030574678
DupasRobinson_2013a,78.0,36.0,0.0544562865050812,0.0510948905109489,1,0.0220832024778728
DupasRobinson_2013a,79.0,36.0,0.314642565742236,0.3441655834416558,0,
DupasRobinson_2013a,80.0,36.0,0.4693413445686337,0.4884511548845116,1,0.0234881030574678
ErikssonRooth_2014,1.0,1.0,0.6724806783332543,0.6778813673827861,1,0.0013417776408701
ErikssonRooth_2014,2.0,1.0,0.9762803319177497,0.9762194298067828,1,0.0018576189937118
ErikssonRooth_2014,3.0,1.0,0.146473156912805,0.1487636805837049,1,0.0019467259825053
ErikssonRooth_2014,4.0,1.0,0.4273578689874957,0.4318335360086475,1,0.0015902014661298
ErikssonRooth_2014,5.0,1.0,0.4806045904011529,0.4777732738819078,1,0.0008952754832247
ErikssonRooth_2014,6.0,1.0,0.0062712837310355,0.0074314281853803,0,
ErikssonRooth_2014,7.0,1.0,0.7781418762555687,0.7784083231995677,0,
ErikssonRooth_2014,8.0,1.0,9.866987138953692e-28,0.0001351168760978,0,
ErikssonRooth_2014,9.0,1.0,0.0032941132220875,0.0010809350087825,0,
ErikssonRooth_2014,10.0,1.0,0.7701599568279192,0.775030401297122,0,
ErikssonRooth_2014,11.0,1.0,0.1875167758248637,0.1894338602891501,0,
ErikssonRooth_2014,12.0,1.0,0.7815566696642099,0.7813808944737197,0,
ErikssonRooth_2014,13.0,1.0,0.0018327653746541,0.001486285637076,0,
ErikssonRooth_2014,14.0,1.0,0.041247373669343,0.0395892446966626,0,
ErikssonRooth_2014,15.0,1.0,0.7836941573681091,0.7843534657478719,0,
ErikssonRooth_2014,16.0,1.0,0.0750382934886242,0.0760708012430752,0,
ErikssonRooth_2014,17.0,1.0,0.7432878873595097,0.7492230779624375,0,
ErikssonRooth_2014,18.0,1.0,0.1805387026470168,0.1852452371301175,0,
ErikssonRooth_2014,19.0,1.0,0.641460615477385,0.6457235508715039,0,
ErikssonRooth_2014,20.0,1.0,0.0167075681026992,0.0187812457775976,0,
ErikssonRooth_2014,21.0,1.0,0.1344872170387958,0.1418727199027158,0,
ErikssonRooth_2014,22.0,2.0,0.6379431454890381,0.6465342521280908,1,0.0022147099114028
ErikssonRooth_2014,23.0,2.0,0.6749043045399314,0.681799756789623,1,0.0028246253795417
ErikssonRooth_2014,24.0,2.0,0.0163321841463043,0.017700310768815,1,0.0033439967316915
ErikssonRooth_2014,25.0,2.0,0.7875632341213002,0.7836778813673828,1,0.002531750899367
ErikssonRooth_2014,26.0,2.0,0.5082290407652065,0.512363194162951,1,0.0014803897810341
ErikssonRooth_2014,27.0,2.0,0.0719253989734527,0.0718821780840427,0,
ErikssonRooth_2014,28.0,2.0,0.2777733771556893,0.291987569247399,0,
ErikssonRooth_2014,29.0,2.0,1.2474867913125145e-19,0.0001351168760978,0,
ErikssonRooth_2014,30.0,2.0,0.0688476164002581,0.0366166734225104,0,
ErikssonRooth_2014,31.0,2.0,0.9858487141509358,0.9858127280097284,0,
ErikssonRooth_2014,32.0,2.0,0.0928941010530938,0.0935008782596946,0,
ErikssonRooth_2014,33.0,2.0,0.0050999216278308,0.0049993244156195,0,
ErikssonRooth_2014,34.0,2.0,0.9040450181386606,0.9089312255100662,0,
ErikssonRooth_2014,35.0,2.0,0.6808790898625982,0.6828806917984056,0,
ErikssonRooth_2014,36.0,2.0,0.1939431896828578,0.1888933927847588,0,
ErikssonRooth_2014,37.0,2.0,0.2685079497573612,0.2652344277800297,0,
ErikssonRooth_2014,38.0,2.0,0.1045861755399112,0.1056613971084988,0,
ErikssonRooth_2014,39.0,2.0,0.9631199453311976,0.9639237940818808,0,
ErikssonRooth_2014,40.0,2.0,0.092192674737952,0.0914741251182272,0,
ErikssonRooth_2014,41.0,2.0,0.8403022104119011,0.8452911768679908,0,
ErikssonRooth_2014,42.0,3.0,0.9791935900733688,0.9789217673287394,1,0.0031361150167502
ErikssonRooth_2014,43.0,3.0,0.5573738298750344,0.561680853938657,1,0.0050367564244209
ErikssonRooth_2014,44.0,3.0,0.7194505095118959,0.7227401702472639,1,0.005013532270069
ErikssonRooth_2014,45.0,3.0,0.4002345996478141,0.4111606539656803,1,0.003991511104139
ErikssonRooth_2014,46.0,3.0,0.8429903411409552,0.8419132549655451,1,0.0025529642635161
ErikssonRooth_2014,47.0,3.0,0.0296838126126829,0.033103634643967,0,
ErikssonRooth_2014,48.0,3.0,0.511000313195525,0.5079043372517228,0,
ErikssonRooth_2014,49.0,3.0,8.042745708933484e-10,0.0001351168760978,0,
ErikssonRooth_2014,50.0,3.0,0.012542908985545,0.0028374543980543,0,
ErikssonRooth_2014,51.0,3.0,0.5549339587868367,0.5583029320362113,0,
ErikssonRooth_2014,52.0,3.0,0.9735261329228662,0.974598027293609,0,
ErikssonRooth_2014,53.0,3.0,0.8237949167530332,0.8256992298338063,0,
ErikssonRooth_2014,54.0,3.0,0.1184324423279286,0.1213349547358465,0,
ErikssonRooth_2014,55.0,3.0,0.0006020232537364,0.0008107012565869,0,
ErikssonRooth_2014,56.0,3.0,0.9685756093461136,0.9694635860018916,0,
ErikssonRooth_2014,57.0,3.0,0.2458697718136354,0.2490204026482907,0,
ErikssonRooth_2014,58.0,3.0,0.0775610566909084,0.0767463856235643,0,
ErikssonRooth_2014,59.0,3.0,0.8537873343808945,0.8535333063099582,0,
ErikssonRooth_2014,60.0,3.0,0.4947016584053249,0.4937170652614511,0,
ErikssonRooth_2014,61.0,3.0,0.0847694009540418,0.087015268206999,0,
ErikssonRooth_2014,62.0,3.0,0.041933668601559,0.0437778678556951,0,
ErikssonRooth_2014,63.0,4.0,0.4735222617303322,0.4729090663423861,1,0.0010293366685139
ErikssonRooth_2014,64.0,4.0,0.0059749606090968,0.0071611944331847,0,
ErikssonRooth_2014,65.0,4.0,0.3459890940005956,0.3502229428455614,0,
ErikssonRooth_2014,66.0,4.0,1.1529552851373789e-27,0.0001351168760978,0,
ErikssonRooth_2014,67.0,4.0,0.0033749342382869,0.0010809350087825,0,
ErikssonRooth_2014,68.0,4.0,0.78886625365499,0.7916497770571544,0,
ErikssonRooth_2014,69.0,4.0,0.1985908313243281,0.1982164572355087,0,
ErikssonRooth_2014,70.0,4.0,0.7767287486360465,0.7784083231995677,0,
ErikssonRooth_2014,71.0,4.0,0.0018203806410096,0.0016214025131738,0,
ErikssonRooth_2014,72.0,4.0,0.0366703317313942,0.0358059721659235,0,
ErikssonRooth_2014,73.0,4.0,0.8101807792923906,0.812052425347926,0,
ErikssonRooth_2014,74.0,4.0,0.0790394343761332,0.0791784893933252,0,
ErikssonRooth_2014,75.0,4.0,0.7333096743816929,0.7390893122551007,0,
ErikssonRooth_2014,76.0,4.0,0.1753200468247137,0.1815970814754763,0,
ErikssonRooth_2014,77.0,4.0,0.6297487774100263,0.6326172138900149,0,
ErikssonRooth_2014,78.0,4.0,0.0158925747067981,0.0183758951493041,0,
ErikssonRooth_2014,79.0,4.0,0.1361562475704877,0.1447101743007701,0,
ErikssonRooth_2014,80.0,5.0,0.2487501179058214,0.2425347925955951,1,0.0016437160395489
ErikssonRooth_2014,81.0,5.0,0.0674862936327522,0.0666126199162275,0,
ErikssonRooth_2014,82.0,5.0,0.0572448594400435,0.060802594244021,0,
ErikssonRooth_2014,83.0,5.0,1.2450718014190686e-19,0.0001351168760978,0,
ErikssonRooth_2014,84.0,5.0,0.0794901183688752,0.043102283475206,0,
ErikssonRooth_2014,85.0,5.0,0.9276042240214912,0.929063640048642,0,
ErikssonRooth_2014,86.0,5.0,0.0976773228879009,0.0987704364275098,0,
ErikssonRooth_2014,87.0,5.0,0.0056212136070994,0.0054046750439129,0,
ErikssonRooth_2014,88.0,5.0,0.9330381679753792,0.9382515876232942,0,
ErikssonRooth_2014,89.0,5.0,0.7524817344678991,0.752736116740981,0,
ErikssonRooth_2014,90.0,5.0,0.2098616027498797,0.2057830022969869,0,
ErikssonRooth_2014,91.0,5.0,0.2512360751842025,0.2483448182678016,0,
ErikssonRooth_2014,92.0,5.0,0.0985641142228778,0.0994460208079989,0,
ErikssonRooth_2014,93.0,5.0,0.9408666307906548,0.9405485745169572,0,
ErikssonRooth_2014,94.0,5.0,0.0797331031345606,0.0786380218889339,0,
ErikssonRooth_2014,95.0,5.0,0.8359137466858556,0.8411025537089583,0,
ErikssonRooth_2014,96.0,6.0,0.8468814486880012,0.8473179300094582,1,0.0028360844122229
ErikssonRooth_2014,97.0,6.0,0.027727869264833,0.0314822321307931,0,
ErikssonRooth_2014,98.0,6.0,0.4805179574961765,0.4734495338467774,0,
ErikssonRooth_2014,99.0,6.0,6.824892896304166e-10,0.0001351168760978,0,
ErikssonRooth_2014,100.0,6.0,0.0135646869695174,0.0033779219024456,0,
ErikssonRooth_2014,101.0,6.0,0.568448458693982,0.5731657884069721,0,
ErikssonRooth_2014,102.0,6.0,0.962182047763515,0.9628428590730982,0,
ErikssonRooth_2014,103.0,6.0,0.7986662304108786,0.7967842183488718,0,
ErikssonRooth_2014,104.0,6.0,0.1353205837575009,0.1390352655046615,0,
ErikssonRooth_2014,105.0,6.0,0.0006405065439763,0.0006755843804891,0,
ErikssonRooth_2014,106.0,6.0,0.975067528253584,0.975408728550196,0,
ErikssonRooth_2014,107.0,6.0,0.2376387111927068,0.2401026888258343,0,
ErikssonRooth_2014,108.0,6.0,0.0844680556270913,0.0836373463045534,0,
ErikssonRooth_2014,109.0,6.0,0.8789673042054339,0.8781245777597622,0,
ErikssonRooth_2014,110.0,6.0,0.5120597983016537,0.513173895419538,0,
ErikssonRooth_2014,111.0,6.0,0.0848633728402804,0.0864748007026077,0,
ErikssonRooth_2014,112.0,6.0,0.0390244934943048,0.0398594784488582,0,
ErikssonRooth_2014,113.0,7.0,0.6960831343893172,0.6970679637886772,1,0.0004526251481556
ErikssonRooth_2014,114.0,7.0,0.0058245666846619,0.0067558438048912,0,
ErikssonRooth_2014,115.0,7.0,0.414745361623453,0.4230509390622888,0,
ErikssonRooth_2014,116.0,7.0,1.0833133522308105e-27,0.0001351168760978,0,
ErikssonRooth_2014,117.0,7.0,0.0035697916472294,0.0010809350087825,0,
ErikssonRooth_2014,118.0,7.0,0.7929265678182227,0.795838400216187,0,
ErikssonRooth_2014,119.0,7.0,0.1969998517205012,0.1970004053506283,0,
ErikssonRooth_2014,120.0,7.0,0.7768817725477043,0.7786785569517632,0,
ErikssonRooth_2014,121.0,7.0,0.0018553437638858,0.001486285637076,0,
ErikssonRooth_2014,122.0,7.0,0.0365056593092207,0.0356708552898257,0,
ErikssonRooth_2014,123.0,7.0,0.799608080773614,0.8005674908796109,0,
ErikssonRooth_2014,124.0,7.0,0.0787795095539917,0.0791784893933252,0,
ErikssonRooth_2014,125.0,7.0,0.7339274253580721,0.7407107147682745,0,
ErikssonRooth_2014,126.0,7.0,0.1735589964909653,0.1803810295905958,0,
ErikssonRooth_2014,127.0,7.0,0.6311505895079748,0.6351844345358735,0,
ErikssonRooth_2014,128.0,7.0,0.0160105930610908,0.0178354276449128,0,
ErikssonRooth_2014,129.0,7.0,0.1364114185620125,0.1441697067963788,0,
ErikssonRooth_2014,130.0,8.0,0.5590684284239623,0.5524929063640048,1,0.0006946249002423
ErikssonRooth_2014,131.0,8.0,0.067137233403882,0.066207269287934,0,
ErikssonRooth_2014,132.0,8.0,0.0861288378206973,0.0922848263748142,0,
ErikssonRooth_2014,133.0,8.0,1.1921642485612244e-19,0.0001351168760978,0,
ErikssonRooth_2014,134.0,8.0,0.0836974155160698,0.0456695041210647,0,
ErikssonRooth_2014,135.0,8.0,0.9311814825137352,0.9332522632076746,0,
ErikssonRooth_2014,136.0,8.0,0.0963182427534547,0.097013917038238,0,
ErikssonRooth_2014,137.0,8.0,0.0056676928078258,0.0054046750439129,0,
ErikssonRooth_2014,138.0,8.0,0.9313721589073938,0.936765301986218,0,
ErikssonRooth_2014,139.0,8.0,0.7400206799261547,0.7416565329009593,0,
ErikssonRooth_2014,140.0,8.0,0.2094058433419009,0.2059181191730847,0,
ErikssonRooth_2014,141.0,8.0,0.256526903775338,0.2525334414268342,0,
ErikssonRooth_2014,142.0,8.0,0.0961272096576163,0.0976895014187272,0,
ErikssonRooth_2014,143.0,8.0,0.9337302820777524,0.9343331982164572,0,
ErikssonRooth_2014,144.0,8.0,0.0800991202097619,0.079313606269423,0,
ErikssonRooth_2014,145.0,8.0,0.8481068866360222,0.850560735035806,0,
ErikssonRooth_2014,146.0,9.0,0.9289569868412436,0.9325766788271856,1,0.0013184177358859
ErikssonRooth_2014,147.0,9.0,0.0280755304385554,0.0317524658829887,0,
ErikssonRooth_2014,148.0,9.0,0.4991252815203137,0.493041480880962,0,
ErikssonRooth_2014,149.0,9.0,6.893222403020831e-10,0.0001351168760978,0,
ErikssonRooth_2014,150.0,9.0,0.0133283453071373,0.0033779219024456,0,
ErikssonRooth_2014,151.0,9.0,0.5634480186977917,0.567761113363059,0,
ErikssonRooth_2014,152.0,9.0,0.9622926603974642,0.9632482097013916,0,
ErikssonRooth_2014,153.0,9.0,0.7958180017082548,0.7952979327117957,0,
ErikssonRooth_2014,154.0,9.0,0.1334140035185034,0.1375489798675854,0,
ErikssonRooth_2014,155.0,9.0,0.000637813211446,0.0006755843804891,0,
ErikssonRooth_2014,156.0,9.0,0.967521809727852,0.9697338197540872,0,
ErikssonRooth_2014,157.0,9.0,0.2378580857258304,0.2401026888258343,0,
ErikssonRooth_2014,158.0,9.0,0.0817649511727793,0.0820159437913795,0,
ErikssonRooth_2014,159.0,9.0,0.8799503885546371,0.8789352790163492,0,
ErikssonRooth_2014,160.0,9.0,0.50793943589421,0.5088501553844075,0,
ErikssonRooth_2014,161.0,9.0,0.0844210397487635,0.0857992163221186,0,
ErikssonRooth_2014,162.0,9.0,0.0393816374209225,0.0402648290771517,0,
ErikssonRooth_2014,163.0,10.0,0.9623785656860184,0.9641940278340764,1,0.0012572053045539
ErikssonRooth_2014,164.0,10.0,0.0059042020029858,0.0071611944331847,0,
ErikssonRooth_2014,165.0,10.0,0.4549794793079389,0.4652074044048102,0,
ErikssonRooth_2014,166.0,10.0,1.0475206456592948e-27,0.0001351168760978,0,
ErikssonRooth_2014,167.0,10.0,0.0036589583220219,0.0010809350087825,0,
ErikssonRooth_2014,168.0,10.0,0.7949649814293227,0.7980002702337522,0,
ErikssonRooth_2014,169.0,10.0,0.1966610925410187,0.1970004053506283,0,
ErikssonRooth_2014,170.0,10.0,0.7806961790605359,0.7813808944737197,0,
ErikssonRooth_2014,171.0,10.0,0.0018672391682588,0.0016214025131738,0,
ErikssonRooth_2014,172.0,10.0,0.0361794253337077,0.03540062153763,0,
ErikssonRooth_2014,173.0,10.0,0.7909655974855662,0.7900283745439806,0,
ErikssonRooth_2014,174.0,10.0,0.0776308956909802,0.0785029050128361,0,
ErikssonRooth_2014,175.0,10.0,0.741857094132053,0.7503040129712201,0,
ErikssonRooth_2014,176.0,10.0,0.1724142661570671,0.1783542764491285,0,
ErikssonRooth_2014,177.0,10.0,0.6312984167646338,0.6353195514119714,0,
ErikssonRooth_2014,178.0,10.0,0.0157882023198085,0.0174300770166193,0,
ErikssonRooth_2014,179.0,10.0,0.1362305473799511,0.1443048236724766,0,
ErikssonRooth_2014,180.0,11.0,0.8733888760261982,0.8735306039724362,1,0.0020275081055564
ErikssonRooth_2014,181.0,11.0,0.0679297658076551,0.0672882042967166,0,
ErikssonRooth_2014,182.0,11.0,0.1206308525482517,0.1348466423456289,0,
ErikssonRooth_2014,183.0,11.0,1.0062252964360334e-19,0.0001351168760978,0,
ErikssonRooth_2014,184.0,11.0,0.086395387193998,0.0475611403864342,0,
ErikssonRooth_2014,185.0,11.0,0.9325407379272174,0.9319010944466964,0,
ErikssonRooth_2014,186.0,11.0,0.0949325139463028,0.0967436832860424,0,
ErikssonRooth_2014,187.0,11.0,0.0056369556633214,0.0054046750439129,0,
ErikssonRooth_2014,188.0,11.0,0.9411037570934332,0.945277665180381,0,
ErikssonRooth_2014,189.0,11.0,0.726000130582842,0.7249020402648291,0,
ErikssonRooth_2014,190.0,11.0,0.20315813855283,0.1999729766247804,0,
ErikssonRooth_2014,191.0,11.0,0.2538165986393897,0.2513173895419538,0,
ErikssonRooth_2014,192.0,11.0,0.0939324193888264,0.0960680989055533,0,
ErikssonRooth_2014,193.0,11.0,0.9273916026544228,0.92919875692474,0,
ErikssonRooth_2014,194.0,11.0,0.0783849585626158,0.0772868531279556,0,
ErikssonRooth_2014,195.0,11.0,0.8520044477902161,0.8529928388055669,0,
ErikssonRooth_2014,196.0,12.0,0.8891227206545609,0.8947439535197946,1,0.0029517128510207
ErikssonRooth_2014,197.0,12.0,0.0286169860218833,0.0312119983785974,0,
ErikssonRooth_2014,198.0,12.0,0.5706903187527173,0.5711390352655047,0,
ErikssonRooth_2014,199.0,12.0,7.17021120417123e-10,0.0001351168760978,0,
ErikssonRooth_2014,200.0,12.0,0.0132558618044807,0.0035130387785434,0,
ErikssonRooth_2014,201.0,12.0,0.5590931201908069,0.5633022564518309,0,
ErikssonRooth_2014,202.0,12.0,0.9666192221227627,0.9682475341170113,0,
ErikssonRooth_2014,203.0,12.0,0.7955375203806762,0.7984056208620457,0,
ErikssonRooth_2014,204.0,12.0,0.1334351876325883,0.1370085123631941,0,
ErikssonRooth_2014,205.0,12.0,0.0006432408065446,0.0006755843804891,0,
ErikssonRooth_2014,206.0,12.0,0.9670848562708992,0.9679773003648156,0,
ErikssonRooth_2014,207.0,12.0,0.2378089188527844,0.2402378057019321,0,
ErikssonRooth_2014,208.0,12.0,0.0825691939348168,0.0818808269152817,0,
ErikssonRooth_2014,209.0,12.0,0.8778074328458855,0.8769085258748818,0,
ErikssonRooth_2014,210.0,12.0,0.5077271274520027,0.5076341034995271,0,
ErikssonRooth_2014,211.0,12.0,0.0842122123657043,0.0860694500743142,0,
ErikssonRooth_2014,212.0,12.0,0.0395613614422788,0.0410755303337386,0,
ErikssonRooth_2014,213.0,13.0,0.4690683223499217,0.4587217943521146,1,0.0022142258932404
ErikssonRooth_2014,214.0,13.0,0.0061772305709501,0.0071611944331847,0,
ErikssonRooth_2014,215.0,13.0,0.306254521602078,0.308877178759627,0,
ErikssonRooth_2014,216.0,13.0,1.3951862427536166e-27,0.0001351168760978,0,
ErikssonRooth_2014,217.0,13.0,0.0033005894064541,0.0010809350087825,0,
ErikssonRooth_2014,218.0,13.0,0.7823528221676747,0.7863802188893393,0,
ErikssonRooth_2014,219.0,13.0,0.2003445966139704,0.201053911633563,0,
ErikssonRooth_2014,220.0,13.0,0.7686523046286611,0.7682745574922307,0,
ErikssonRooth_2014,221.0,13.0,0.0018159455381647,0.001486285637076,0,
ErikssonRooth_2014,222.0,13.0,0.0361947047704638,0.0352655046615322,0,
ErikssonRooth_2014,223.0,13.0,0.7977426497167384,0.7998919064991218,0,
ErikssonRooth_2014,224.0,13.0,0.0786016957388728,0.079313606269423,0,
ErikssonRooth_2014,225.0,13.0,0.7351167327933934,0.743413052290231,0,
ErikssonRooth_2014,226.0,13.0,0.1752117494521894,0.1806512633427915,0,
ErikssonRooth_2014,227.0,13.0,0.6291613667404072,0.6322118632617214,0,
ErikssonRooth_2014,228.0,13.0,0.0156637527683458,0.0175651938927172,0,
ErikssonRooth_2014,229.0,13.0,0.1370093064360819,0.1449804080529658,0,
ErikssonRooth_2014,230.0,14.0,0.4914769615498633,0.4903391433590055,1,0.0035510271744926
ErikssonRooth_2014,231.0,14.0,0.0698046603403386,0.0686393730576949,0,
ErikssonRooth_2014,232.0,14.0,0.0615372760938218,0.068504256181597,0,
ErikssonRooth_2014,233.0,14.0,1.2597455169294542e-19,0.0001351168760978,0,
ErikssonRooth_2014,234.0,14.0,0.0800769743875239,0.0435076341034995,0,
ErikssonRooth_2014,235.0,14.0,0.9309050116292984,0.932171328198892,0,
ErikssonRooth_2014,236.0,14.0,0.0963689253540079,0.0972841507904337,0,
ErikssonRooth_2014,237.0,14.0,0.0055991689004929,0.0054046750439129,0,
ErikssonRooth_2014,238.0,14.0,0.9404312121071184,0.9437913795433048,0,
ErikssonRooth_2014,239.0,14.0,0.7284221172680574,0.7300364815565464,0,
ErikssonRooth_2014,240.0,14.0,0.2062508990865934,0.2013241453857586,0,
ErikssonRooth_2014,241.0,14.0,0.2525468643459074,0.2502364545331711,0,
ErikssonRooth_2014,242.0,14.0,0.0976099057981713,0.0989055533036076,0,
ErikssonRooth_2014,243.0,14.0,0.932359658398329,0.9327117957032832,0,
ErikssonRooth_2014,244.0,14.0,0.0778586298219779,0.0763410349952709,0,
ErikssonRooth_2014,245.0,14.0,0.8481553523293262,0.8504256181597082,0,
ErikssonRooth_2014,246.0,15.0,0.675569838588324,0.6762599648696123,1,0.0055445748684064
ErikssonRooth_2014,247.0,15.0,0.0290724429805871,0.0316173490068909,0,
ErikssonRooth_2014,248.0,15.0,0.6229918450472449,0.6235643831914606,0,
ErikssonRooth_2014,249.0,15.0,7.75175460649549e-10,0.0001351168760978,0,
ErikssonRooth_2014,250.0,15.0,0.0128024993724637,0.0032428050263477,0,
ErikssonRooth_2014,251.0,15.0,0.5493830749653048,0.552357789487907,0,
ErikssonRooth_2014,252.0,15.0,0.969992677237629,0.9686528847453046,0,
ErikssonRooth_2014,253.0,15.0,0.7867354362429019,0.7861099851371436,0,
ErikssonRooth_2014,254.0,15.0,0.1310527924330069,0.1348466423456289,0,
ErikssonRooth_2014,255.0,15.0,0.0006333909332223,0.0006755843804891,0,
ErikssonRooth_2014,256.0,15.0,0.9629476150364112,0.964464261586272,0,
ErikssonRooth_2014,257.0,15.0,0.2378425543192726,0.239562221321443,0,
ErikssonRooth_2014,258.0,15.0,0.0805066590706262,0.079313606269423,0,
ErikssonRooth_2014,259.0,15.0,0.8784993168451617,0.8769085258748818,0,
ErikssonRooth_2014,260.0,15.0,0.5045397746945424,0.5049317659775706,0,
ErikssonRooth_2014,261.0,15.0,0.0834745259665854,0.0852587488177273,0,
ErikssonRooth_2014,262.0,15.0,0.0398600164698684,0.0416159978381299,0,
ErikssonRooth_2014,263.0,16.0,0.7000070269243344,0.701797054452101,1,0.0013879363103885
ErikssonRooth_2014,264.0,16.0,0.6269382407354984,0.6272125388461018,1,0.0019468729627639
ErikssonRooth_2014,265.0,16.0,0.131488937752409,0.1294419673017159,1,0.0021125888512308
ErikssonRooth_2014,266.0,16.0,0.9704510513448318,0.9698689366301853,1,0.0016771947900925
ErikssonRooth_2014,267.0,16.0,0.4693272490293521,0.465342521280908,1,0.0009995774338628
ErikssonRooth_2014,268.0,16.0,0.0395568662539075,0.0449939197405756,0,
ErikssonRooth_2014,269.0,16.0,0.4634210681666836,0.4685853263072558,0,
ErikssonRooth_2014,270.0,16.0,8.650148897888266e-28,0.0001351168760978,0,
ErikssonRooth_2014,271.0,16.0,0.069046560266445,0.0728279962167274,0,
ErikssonRooth_2014,272.0,16.0,0.4280621924288959,0.4298067828671801,0,
ErikssonRooth_2014,273.0,16.0,0.3799392485172688,0.3873800837724632,0,
ErikssonRooth_2014,274.0,16.0,0.0003476782225435,0.0002702337521956,0,
ErikssonRooth_2014,275.0,16.0,0.0334400641092314,0.033103634643967,0,
ErikssonRooth_2014,276.0,16.0,0.5352816649533254,0.5512768544791244,0,
ErikssonRooth_2014,277.0,16.0,0.1607080743642425,0.1563302256451831,0,
ErikssonRooth_2014,278.0,16.0,0.3990860756724702,0.3950817457100392,0,
ErikssonRooth_2014,279.0,16.0,0.0947744628413641,0.0983650857992163,0,
ErikssonRooth_2014,280.0,16.0,0.8751091929962426,0.8781245777597622,0,
ErikssonRooth_2014,281.0,16.0,0.01737563888727,0.0195919470341845,0,
ErikssonRooth_2014,282.0,16.0,0.0900339918975963,0.0951222807728685,0,
ErikssonRooth_2014,283.0,17.0,0.2305577992856089,0.2384812863126604,1,0.0015674198627936
ErikssonRooth_2014,284.0,17.0,0.5565822043525696,0.5639778408323199,1,0.0024424272416491
ErikssonRooth_2014,285.0,17.0,0.6456257065291575,0.6451830833671125,1,0.0021997703833787
ErikssonRooth_2014,286.0,17.0,0.1366440524556214,0.1328198892041616,1,0.0017238448050113
ErikssonRooth_2014,287.0,17.0,0.7957097367295267,0.7946223483313066,1,0.0013892876867718
ErikssonRooth_2014,288.0,17.0,0.08350556269407,0.0830968788001621,0,
ErikssonRooth_2014,289.0,17.0,0.691119022099212,0.6982840156735576,0,
ErikssonRooth_2014,290.0,17.0,0.0629478160366385,0.0644507498986623,0,
ErikssonRooth_2014,291.0,17.0,0.2209021375535844,0.2214565599243345,0,
ErikssonRooth_2014,292.0,17.0,0.4897804592725963,0.4885826239697338,0,
ErikssonRooth_2014,293.0,17.0,0.3368034465622634,0.3357654371030942,0,
ErikssonRooth_2014,294.0,17.0,0.4570882056552692,0.4579110930955276,0,
ErikssonRooth_2014,295.0,17.0,0.5955515391004552,0.607890825564113,0,
ErikssonRooth_2014,296.0,17.0,0.2287975592159798,0.2256451830833671,0,
ErikssonRooth_2014,297.0,17.0,0.6205530346782073,0.6197811106607215,0,
ErikssonRooth_2014,298.0,17.0,0.8967799153900904,0.8963653560329685,0,
ErikssonRooth_2014,299.0,17.0,0.3578752201461738,0.3715714092690177,0,
ErikssonRooth_2014,300.0,17.0,0.413622348254002,0.4204837184164302,0,
ErikssonRooth_2014,301.0,17.0,0.775583693882679,0.7697608431293068,0,
ErikssonRooth_2014,302.0,18.0,0.9664619620107292,0.9654100797189568,1,0.0013554348757316
ErikssonRooth_2014,303.0,18.0,0.6569540161525883,0.6541007971895689,1,0.0021079955273472
ErikssonRooth_2014,304.0,18.0,0.2055694893286684,0.2068639373057695,1,0.0019685658597752
ErikssonRooth_2014,305.0,18.0,0.2504035335924729,0.2519929739224429,1,0.0016304453301916
ErikssonRooth_2014,306.0,18.0,0.3175819472236013,0.3191460613430617,1,0.000990895946174
ErikssonRooth_2014,307.0,18.0,0.0586741673672659,0.0617484123767058,0,
ErikssonRooth_2014,308.0,18.0,0.9954831930437874,0.9950006755843804,0,
ErikssonRooth_2014,309.0,18.0,0.0040710250619017,0.0016214025131738,0,
ErikssonRooth_2014,310.0,18.0,0.8610362567781746,0.857451695716795,0,
ErikssonRooth_2014,311.0,18.0,0.423652080818185,0.4235914065666801,0,
ErikssonRooth_2014,312.0,18.0,0.833776792224276,0.832049723010404,0,
ErikssonRooth_2014,313.0,18.0,0.0267641521525419,0.0228347520605323,0,
ErikssonRooth_2014,314.0,18.0,0.1972363777753949,0.2072692879340629,0,
ErikssonRooth_2014,315.0,18.0,0.5838856928686863,0.5893798135387109,0,
ErikssonRooth_2014,316.0,18.0,0.3141606921540545,0.32049723010404,0,
ErikssonRooth_2014,317.0,18.0,0.5360832822808761,0.5361437643561681,0,
ErikssonRooth_2014,318.0,18.0,0.5669438661206229,0.5758681259289286,0,
ErikssonRooth_2014,319.0,18.0,0.2379129840661986,0.2382110525604648,0,
ErikssonRooth_2014,320.0,18.0,0.0663696979496552,0.0674233211728144,0,
ErikssonRooth_2014,321.0,18.0,0.1763210271547935,0.181056613971085,0,
ErikssonRooth_2014,322.0,19.0,0.3980906178041306,0.4054857451695717,1,0.0014889780829485
ErikssonRooth_2014,323.0,19.0,0.5091350828649082,0.5096608566409945,1,0.0021812656435575
ErikssonRooth_2014,324.0,19.0,0.4426275520595033,0.4421024185920821,1,0.0023299398461403
ErikssonRooth_2014,325.0,19.0,0.6425036844777243,0.6366707201729496,1,0.0019107473147155
ErikssonRooth_2014,326.0,19.0,0.727760757056436,0.7313876503175246,1,0.0012924053890755
ErikssonRooth_2014,327.0,19.0,0.0448258501994018,0.0514795297932711,0,
ErikssonRooth_2014,328.0,19.0,0.4849110195829531,0.4977705715443859,0,
ErikssonRooth_2014,329.0,19.0,0.8687852996198897,0.868261045804621,0,
ErikssonRooth_2014,330.0,19.0,0.2609653115841349,0.2749628428590731,0,
ErikssonRooth_2014,331.0,19.0,0.8160188744380401,0.8174571003918389,0,
ErikssonRooth_2014,332.0,19.0,0.0166056183679792,0.0174300770166193,0,
ErikssonRooth_2014,333.0,19.0,0.0700538525478361,0.0749898662342926,0,
ErikssonRooth_2014,334.0,19.0,0.6800124139613684,0.6815295230374274,0,
ErikssonRooth_2014,335.0,19.0,0.1071076325662263,0.1097149033914336,0,
ErikssonRooth_2014,336.0,19.0,0.7365810541533241,0.7380083772463181,0,
ErikssonRooth_2014,337.0,19.0,0.1315581210000111,0.1355222267261181,0,
ErikssonRooth_2014,338.0,19.0,0.2846116324041243,0.2877989460883664,0,
ErikssonRooth_2014,339.0,19.0,0.1099026647217098,0.1095797865153357,0,
ErikssonRooth_2014,340.0,19.0,0.4498747873374308,0.4581813268477233,0,
ErikssonRooth_2014,341.0,20.0,0.6846697444562126,0.6909877043642751,0,
ErikssonRooth_2014,342.0,20.0,0.95261855608332,0.9516281583569788,0,
ErikssonRooth_2014,343.0,20.0,0.149753675225954,0.1520064856100527,0,
ErikssonRooth_2014,344.0,20.0,0.414229148792805,0.4181867315227672,0,
ErikssonRooth_2014,345.0,20.0,0.4884381730020721,0.4856100526955816,0,
ErikssonRooth_2014,346.0,20.0,0.0397560824344967,0.0459397378732603,1,0.0014846453972824
ErikssonRooth_2014,347.0,20.0,0.0013846605669609,0.0028374543980543,1,0.0014639819156788
ErikssonRooth_2014,348.0,20.0,0.9986802176399951,0.9981083637346304,0,
ErikssonRooth_2014,349.0,20.0,6.572741192326617e-28,0.0001351168760978,0,
ErikssonRooth_2014,350.0,20.0,0.0034102063300458,0.0010809350087825,0,
ErikssonRooth_2014,351.0,20.0,0.7534323805416757,0.7584110255370896,0,
ErikssonRooth_2014,352.0,20.0,0.1921691847670032,0.1941629509525739,0,
ErikssonRooth_2014,353.0,20.0,0.7827110719310798,0.7830022969868936,0,
ErikssonRooth_2014,354.0,20.0,0.001907575748971,0.0016214025131738,0,
ErikssonRooth_2014,355.0,20.0,0.0397618878608205,0.03850830968788,0,
ErikssonRooth_2014,356.0,20.0,0.7916633809583248,0.7923253614376435,0,
ErikssonRooth_2014,357.0,20.0,0.0761106513773927,0.07701661937576,0,
ErikssonRooth_2014,358.0,20.0,0.7640600219916757,0.7712471287663829,0,
ErikssonRooth_2014,359.0,20.0,0.1789602449269684,0.1842994189974327,0,
ErikssonRooth_2014,360.0,20.0,0.6453530914128143,0.649506823402243,0,
ErikssonRooth_2014,361.0,20.0,0.0158962012134639,0.0182407782732063,0,
ErikssonRooth_2014,362.0,20.0,0.1324109607407328,0.1389001486285637,0,
ErikssonRooth_2014,363.0,21.0,0.6457769145827005,0.6530198621807863,0,
ErikssonRooth_2014,364.0,21.0,0.6672504555646415,0.6739629779759492,0,
ErikssonRooth_2014,365.0,21.0,0.015993160886202,0.0182407782732063,0,
ErikssonRooth_2014,366.0,21.0,0.7554469357417903,0.7501688960951223,0,
ErikssonRooth_2014,367.0,21.0,0.5027249586414884,0.5062829347385488,0,
ErikssonRooth_2014,368.0,21.0,0.6444509387802516,0.6551817321983516,1,0.0019048947494024
ErikssonRooth_2014,369.0,21.0,0.1207029170558657,0.1271449804080529,1,0.0019106422021074
ErikssonRooth_2014,370.0,21.0,0.3920615620174664,0.4031887582759086,0,
ErikssonRooth_2014,371.0,21.0,1.0908486141654377e-19,0.0001351168760978,0,
ErikssonRooth_2014,372.0,21.0,0.0693889284665102,0.0360762059181191,0,
ErikssonRooth_2014,373.0,21.0,0.9903912900197134,0.9889204161599784,0,
ErikssonRooth_2014,374.0,21.0,0.0977765213502457,0.0995811376840967,0,
ErikssonRooth_2014,375.0,21.0,0.0054169150340623,0.0052695581678151,0,
ErikssonRooth_2014,376.0,21.0,0.9179119533131586,0.9237940818808268,0,
ErikssonRooth_2014,377.0,21.0,0.684987637164695,0.6867990812052426,0,
ErikssonRooth_2014,378.0,21.0,0.1960406567001004,0.1909201459262262,0,
ErikssonRooth_2014,379.0,21.0,0.2709828014149552,0.2667207134171058,0,
ErikssonRooth_2014,380.0,21.0,0.1076633529353798,0.1087690852587488,0,
ErikssonRooth_2014,381.0,21.0,0.9617845241777176,0.9627077421970004,0,
ErikssonRooth_2014,382.0,21.0,0.0887106191218498,0.087825969463586,0,
ErikssonRooth_2014,383.0,21.0,0.8530678944386725,0.8561005269558167,0,
ErikssonRooth_2014,384.0,22.0,0.9599486692047025,0.9586542359140656,0,
ErikssonRooth_2014,385.0,22.0,0.559431588230322,0.5634373733279286,0,
ErikssonRooth_2014,386.0,22.0,0.6878912480450483,0.6939602756384272,0,
ErikssonRooth_2014,387.0,22.0,0.40444131480094,0.4138629914876368,0,
ErikssonRooth_2014,388.0,22.0,0.8665213189561505,0.8698824483177949,0,
ErikssonRooth_2014,389.0,22.0,0.0075899675592304,0.0071611944331847,1,0.004134843193254
ErikssonRooth_2014,390.0,22.0,0.0015250802122241,0.0025672206458586,1,0.0042241104641192
ErikssonRooth_2014,391.0,22.0,0.4092763568976507,0.4122415889744629,0,
ErikssonRooth_2014,392.0,22.0,4.81211203804282e-10,0.0001351168760978,0,
ErikssonRooth_2014,393.0,22.0,0.0133576777331479,0.0033779219024456,0,
ErikssonRooth_2014,394.0,22.0,0.5428649855121598,0.5434400756654506,0,
ErikssonRooth_2014,395.0,22.0,0.9378522977284371,0.9381164707471964,0,
ErikssonRooth_2014,396.0,22.0,0.8434696533830024,0.8444804756114038,0,
ErikssonRooth_2014,397.0,22.0,0.1322455058853821,0.1360626942305094,0,
ErikssonRooth_2014,398.0,22.0,0.0007472324766364,0.0008107012565869,0,
ErikssonRooth_2014,399.0,22.0,0.9702484456117167,0.9713552222672612,0,
ErikssonRooth_2014,400.0,22.0,0.2540429624277962,0.2582083502229428,0,
ErikssonRooth_2014,401.0,22.0,0.0897409680944162,0.0889069044723686,0,
ErikssonRooth_2014,402.0,22.0,0.8551582106614078,0.8527226050533712,0,
ErikssonRooth_2014,403.0,22.0,0.5083822010088219,0.5112822591541684,0,
ErikssonRooth_2014,404.0,22.0,0.0808163821483899,0.0841778138089447,0,
ErikssonRooth_2014,405.0,22.0,0.0365172770175434,0.0372922578029995,0,
FehrGoette_2007,1.0,1.0,0.002944957538603,9.999000099990002e-05,1,0.0261904761904761
FehrGoette_2007,2.0,2.0,0.0004838897972844,0.0002999700029997,1,0.0237284408899462
FehrGoette_2007,3.0,3.0,0.0003478110774468,0.0001999800019998,1,0.0230031063741113
FehrGoette_2007,4.0,4.0,0.0003625554029879,9.999000099990002e-05,1,0.0261904761904761
FehrGoette_2007,5.0,5.0,5.1640615803852145e-05,9.999000099990002e-05,1,0.0237284408899462
FehrGoette_2007,6.0,6.0,3.0010974053056497e-05,9.999000099990002e-05,1,0.0230031063741113
FehrGoette_2007,7.0,7.0,0.0358536408420683,0.0471952804719528,1,0.0968742388228897
FehrGoette_2007,8.0,8.0,0.0471430580903227,0.0763923607639236,1,0.1075089578825275
FehrGoette_2007,9.0,9.0,0.0262169723864671,0.1006899310068993,1,0.1911470593843321
FehrGoette_2007,10.0,9.0,0.4093967583319415,0.3585641435856414,1,0.0933965467907012
FehrGoette_2007,11.0,10.0,0.1860916517270493,0.2811718828117188,1,0.2592668894183234
FehrGoette_2007,12.0,10.0,0.0327555602132486,0.1997800219978002,1,0.3175256575837826
FehrGoette_2007,13.0,10.0,0.4150969931725143,0.3643635636436356,1,0.0934261111497432
FieldJayachandranPande_2010,1.0,1.0,0.0621927994073397,0.0706929307069293,1,0.0356767551163214
FieldJayachandranPande_2010,2.0,1.0,0.2093242315176142,0.3493650634936506,1,0.0757051008664693
FieldJayachandranPande_2010,3.0,1.0,0.2615626847340366,0.2434756524347565,1,0.0312303184745861
FieldJayachandranPande_2010,4.0,2.0,0.52490197199486,0.7489251074892511,1,0.0356767551163214
FieldJayachandranPande_2010,5.0,2.0,0.6162966407959446,0.4487551244875512,1,0.0757051008664693
FieldJayachandranPande_2010,6.0,2.0,0.4137211767168938,0.6767323267673233,1,0.0312303184745861
FieldJayachandranPande_2010,7.0,3.0,0.0444390787220648,0.0437956204379562,1,0.0356767551163214
FieldJayachandranPande_2010,8.0,3.0,0.0638327136652646,0.017998200179982,1,0.0757051008664693
FieldJayachandranPande_2010,9.0,3.0,0.0089606290514776,0.0687931206879312,1,0.0312303184745861
FieldJayachandranPande_2010,10.0,4.0,0.0885311150680303,0.0901909809019098,1,0.0359291800021609
FieldJayachandranPande_2010,11.0,4.0,0.0073174387300149,0.0033996600339966,1,0.0753981494264089
FieldJayachandranPande_2010,12.0,4.0,0.0012178646160016,0.0067993200679932,1,0.0316140068781871
FieldPandePappRigol_2013,1.0,1.0,0.0443635080331113,0.0511948805119488,1,0.0112203350699418
FieldPandePappRigol_2013,2.0,2.0,0.0397010733810377,0.0462953704629537,1,0.0114336392343079
FieldPandePappRigol_2013,3.0,3.0,0.230086198621252,0.2384761523847615,1,0.0112203350699418
FieldPandePappRigol_2013,4.0,4.0,0.1797142372705558,0.1950804919508049,1,0.0114336392343079
FieldPandePappRigol_2013,5.0,5.0,0.9701086436679924,0.9718028197180282,1,0.0112203350699418
FieldPandePappRigol_2013,6.0,6.0,0.9495065512252556,0.948905109489051,1,0.0114336392343079
FieldPandePappRigol_2013,7.0,7.0,0.694849903424597,0.7077292270772922,1,0.0112203350699418
FieldPandePappRigol_2013,8.0,8.0,0.5342562879067947,0.5561443855614439,1,0.0114336392343079
FieldPandePappRigol_2013,9.0,9.0,0.0403922258887547,0.0481951804819518,1,0.0112203350699418
FieldPandePappRigol_2013,10.0,10.0,0.0390707523598562,0.0475952404759524,1,0.0114336392343079
FieldPandePappRigol_2013,11.0,11.0,0.0486344885906821,0.0516948305169483,1,0.0112203350699418
FieldPandePappRigol_2013,12.0,12.0,0.0458224641160146,0.0486951304869513,1,0.0114336392343079
FieldPandePappRigol_2013,13.0,13.0,0.6802740604325276,0.7068293170682932,1,0.0112203350699418
FieldPandePappRigol_2013,14.0,14.0,0.6408295448318242,0.6659334066593341,1,0.0114336392343079
FieldPandePappRigol_2013,15.0,15.0,0.6989004143647082,0.7106289371062894,1,0.0112203350699418
FieldPandePappRigol_2013,16.0,16.0,0.7197293838950498,0.7371262873712628,1,0.0114336392343079
FieldPandePappRigol_2013,17.0,17.0,0.6982275277500625,0.7141285871412859,1,0.0112203350699418
FieldPandePappRigol_2013,18.0,18.0,0.6652021383712386,0.6775322467753224,1,0.0114336392343079
FieldPandePappRigol_2013,19.0,19.0,0.7503010963190997,0.7598240175982401,1,0.0112203350699418
FieldPandePappRigol_2013,20.0,20.0,0.8212267438643639,0.8313168683131686,1,0.0114336392343079
FieldPandePappRigol_2013,21.0,21.0,0.3307538058318013,0.4100589941005899,1,0.0112203350699418
FieldPandePappRigol_2013,22.0,22.0,0.334392030929755,0.4161583841615838,1,0.0114336392343079
FieldPandePappRigol_2013,23.0,23.0,0.048364234837392,0.0452954704529547,1,0.0112203350699418
FieldPandePappRigol_2013,24.0,24.0,0.0648112748580058,0.071992800719928,1,0.0114336392343079
FieldPandePappRigol_2013,25.0,25.0,0.0163425732049926,0.002999700029997,1,0.0099148450115353
FieldPandePappRigol_2013,26.0,26.0,0.0157700611232522,0.0037996200379962,1,0.0150748951890687
FieldPandePappRigol_2013,27.0,27.0,0.0167151575580996,0.0183981601839816,1,0.0105903258706495
FieldPandePappRigol_2013,28.0,28.0,0.0118873567677697,0.0148985101489851,1,0.0156199206777622
FieldPandePappRigol_2013,29.0,29.0,0.0117285656322509,0.0084991500849915,1,0.0098830756364706
FieldPandePappRigol_2013,30.0,30.0,0.0067221555049542,0.0031996800319968,1,0.0153773604357704
FieldPandePappRigol_2013,31.0,31.0,0.0030515876144823,0.0031996800319968,1,0.0099148450115353
FieldPandePappRigol_2013,32.0,32.0,0.0024222248047086,0.0025997400259974,1,0.0150748951890687
FieldPandePappRigol_2013,33.0,33.0,0.0159100300744534,0.0170982901709829,1,0.0105903258706495
FieldPandePappRigol_2013,34.0,34.0,0.0102709629881575,0.0127987201279872,1,0.0156199206777622
FieldPandePappRigol_2013,35.0,35.0,0.0084225239667121,0.0075992400759924,1,0.0098830756364706
FieldPandePappRigol_2013,36.0,36.0,0.002404914579831,0.001999800019998,1,0.0153773604357704
FieldPandePappRigol_2013,37.0,37.0,0.0064939591334674,0.0083991600839916,1,0.0098171203941783
FieldPandePappRigol_2013,38.0,38.0,0.0065886773932513,0.0083991600839916,1,0.0150131934055763
FieldPandePappRigol_2013,39.0,39.0,0.0187481271800062,0.0207979202079792,1,0.0106718299792959
FieldPandePappRigol_2013,40.0,40.0,0.0107252834095642,0.0134986501349865,1,0.016254386476302
FieldPandePappRigol_2013,41.0,41.0,0.0266254260106871,0.0268973102689731,1,0.0099581984447343
FieldPandePappRigol_2013,42.0,42.0,0.0078750582469923,0.007999200079992,1,0.0155702600992839
FieldPandePappRigol_2013,43.0,43.0,0.0132219887701723,0.014998500149985,1,0.0098308590463082
FieldPandePappRigol_2013,44.0,44.0,0.0106723741500158,0.0136986301369863,1,0.0149282061666675
FieldPandePappRigol_2013,45.0,45.0,0.013781769042361,0.0154984501549845,1,0.0106880075483014
FieldPandePappRigol_2013,46.0,46.0,0.0077897133845814,0.0100989901009899,1,0.0163546959607687
FieldPandePappRigol_2013,47.0,47.0,0.0266254260106871,0.0268973102689731,1,0.0099581984447343
FieldPandePappRigol_2013,48.0,48.0,0.0078750582469923,0.007999200079992,1,0.0155702600992839
FieldPandePappRigol_2013,49.0,49.0,0.0106445106543061,0.0100989901009899,1,0.0086284953395472
FieldPandePappRigol_2013,50.0,50.0,0.0119776720040561,0.0143985601439856,1,0.012847424195279
FieldPandePappRigol_2013,51.0,51.0,0.0139374445648572,0.0102989701029897,1,0.0086284953395472
FieldPandePappRigol_2013,52.0,52.0,0.0152286131393463,0.0153984601539846,1,0.012847424195279
FieldPandePappRigol_2013,53.0,53.0,0.0152553456728647,0.0107989201079892,1,0.0086284953395472
FieldPandePappRigol_2013,54.0,54.0,0.0153738913067932,0.0158984101589841,1,0.012847424195279
FieldPandePappRigol_2013,55.0,55.0,0.0771334914526115,0.0812918708129187,1,0.0086284953395472
FieldPandePappRigol_2013,56.0,56.0,0.0763564524524416,0.0896910308969103,1,0.012847424195279
FieldPandePappRigol_2013,57.0,57.0,0.3660254749609247,0.3977602239776022,1,0.0086284953395472
FieldPandePappRigol_2013,58.0,58.0,0.3278184878679647,0.3865613438656134,1,0.012847424195279
FieldPandePappRigol_2013,59.0,59.0,0.8909985325303769,0.9022097790220978,1,0.0086284953395472
FieldPandePappRigol_2013,60.0,60.0,0.6458524925488699,0.6623337666233376,1,0.012847424195279
FieldPandePappRigol_2013,61.0,61.0,0.2721417977018348,0.3625637436256374,1,0.0086284953395472
FieldPandePappRigol_2013,62.0,62.0,0.3113402073839297,0.3518648135186481,1,0.012847424195279
FieldPandePappRigol_2013,63.0,63.0,0.0282611206635688,0.0261973802619738,1,0.0098830756364706
FieldPandePappRigol_2013,64.0,64.0,0.0467324348661806,0.0468953104689531,1,0.0141913875692996
FieldPandePappRigol_2013,65.0,65.0,0.0693694829425586,0.0713928607139286,1,0.0097058440085399
FieldPandePappRigol_2013,66.0,66.0,0.0736313988520105,0.0762923707629237,1,0.013871382535829
FieldPandePappRigol_2013,67.0,67.0,0.0715553624358437,0.0703929607039296,1,0.0096929682298483
FieldPandePappRigol_2013,68.0,68.0,0.175701189279155,0.1888811118888111,1,0.0144249631040219
FieldPandePappRigol_2013,69.0,69.0,0.0100770774671234,0.0125987401259874,1,0.0096264974273758
FieldPandePappRigol_2013,70.0,70.0,0.0027830664189303,0.0035996400359964,1,0.0141642996772463
FieldPandePappRigol_2013,71.0,71.0,0.006150610259108,0.0081991800819918,1,0.0096264974273758
FieldPandePappRigol_2013,72.0,72.0,0.0031245137672629,0.0054994500549945,1,0.0141642996772463
FieldPandePappRigol_2013,73.0,73.0,0.0259461619909544,0.0126987301269873,1,0.0096264974273758
FieldPandePappRigol_2013,74.0,74.0,0.0195272078993506,0.0093990600939906,1,0.0141642996772463
FieldPandePappRigol_2013,75.0,75.0,0.0158172644114445,0.0004999500049995,1,0.0183290152971676
FieldPandePappRigol_2013,76.0,75.0,0.051809050673392,0.0227977202279772,1,0.0105778242965309
FieldPandePappRigol_2013,77.0,76.0,0.0143307999756282,0.0005999400059994,1,0.0175170460339902
FieldPandePappRigol_2013,78.0,76.0,0.0592077361726249,0.0240975902409759,1,0.011565217144326
FieldPandePappRigol_2013,79.0,77.0,0.0357409335799307,0.0081991800819918,1,0.0149376912225019
FieldPandePappRigol_2013,80.0,77.0,0.1867912795767289,0.1743825617438256,1,0.0261259463152101
FieldPandePappRigol_2013,81.0,78.0,0.0533607601988259,0.017998200179982,1,0.018799611619648
FieldPandePappRigol_2013,82.0,78.0,0.201610208204386,0.1882811718828117,1,0.0280402166025775
FieldPandePappRigol_2013,83.0,79.0,0.0698814607597948,0.0688931106889311,1,0.0219874637662183
FieldPandePappRigol_2013,84.0,79.0,0.0522211853430732,0.0502949705029497,1,0.0432393772686784
FieldPandePappRigol_2013,85.0,80.0,0.0745033028846448,0.0741925807419258,1,0.0258859149564329
FieldPandePappRigol_2013,86.0,80.0,0.1096673440672833,0.1036896310368963,1,0.0368746640020147
FieldPandePappRigol_2013,87.0,81.0,0.0327542533826149,0.0026997300269973,1,0.0167072721327266
FieldPandePappRigol_2013,88.0,81.0,0.1299687236125341,0.0967903209679032,1,0.0091992225851287
FieldPandePappRigol_2013,89.0,82.0,0.0243156334190349,0.0012998700129987,1,0.0203801372140983
FieldPandePappRigol_2013,90.0,82.0,0.0900291042317355,0.0451954804519548,1,0.0104786669625013
FieldPandePappRigol_2013,91.0,83.0,0.0168484599750704,0.0030996900309969,1,0.0099539818459165
FieldPandePappRigol_2013,92.0,83.0,0.0383653826609317,0.1461555959963603,1,0.6574666295536286
FieldPandePappRigol_2013,93.0,84.0,0.0169350582014933,0.003999600039996,1,0.016020293431257
FieldPandePappRigol_2013,94.0,84.0,0.1927943034688557,0.2674021838034577,1,0.6497457021697349
FieldPandePappRigol_2013,95.0,85.0,0.028777354993497,0.0008999100089991,1,0.0155248218846802
FieldPandePappRigol_2013,96.0,85.0,0.0963566850531769,0.0625937406259374,1,0.0111692759400992
FieldPandePappRigol_2013,97.0,86.0,0.0257903731709385,0.0005999400059994,1,0.021025028582666
FieldPandePappRigol_2013,98.0,86.0,0.0888073244102117,0.0505949405059494,1,0.0121312755987632
FieldPandePappRigol_2013,99.0,87.0,0.0338558981197443,0.0005999400059994,1,0.0199443344484478
FieldPandePappRigol_2013,100.0,87.0,0.0606518103267472,0.011998800119988,1,0.0178812190600928
FieldPandePappRigol_2013,101.0,88.0,0.0256335307135135,0.0002999700029997,1,0.0195034818397548
FieldPandePappRigol_2013,102.0,88.0,0.0461894018074523,0.004999500049995,1,0.0165034116781013
FieldPandePappRigol_2013,103.0,89.0,0.0007495538941516,0.0005999400059994,1,0.0183290152971676
FieldPandePappRigol_2013,104.0,89.0,0.032062475536354,0.033996600339966,1,0.0105778242965309
FieldPandePappRigol_2013,105.0,90.0,0.0015052126796104,0.000999900009999,1,0.0175170460339902
FieldPandePappRigol_2013,106.0,90.0,0.0595202407496187,0.060993900609939,1,0.011565217144326
FieldPandePappRigol_2013,107.0,91.0,0.0069083712196145,0.005999400059994,1,0.0149376912225019
FieldPandePappRigol_2013,108.0,91.0,0.307625637290313,0.3128687131286871,1,0.0261259463152101
FieldPandePappRigol_2013,109.0,92.0,0.0126899610315025,0.0141985801419858,1,0.018799611619648
FieldPandePappRigol_2013,110.0,92.0,0.3609637179726345,0.3644635536446355,1,0.0280402166025775
FieldPandePappRigol_2013,111.0,93.0,0.0632196621975168,0.0633936606339366,1,0.0219874637662183
FieldPandePappRigol_2013,112.0,93.0,0.0479982676291814,0.0478952104789521,1,0.0432393772686784
FieldPandePappRigol_2013,113.0,94.0,0.0718525671492703,0.0728927107289271,1,0.0258859149564329
FieldPandePappRigol_2013,114.0,94.0,0.1046995983643001,0.0993900609939006,1,0.0368746640020147
FieldPandePappRigol_2013,115.0,95.0,0.0040287395663239,0.0030996900309969,1,0.0167072721327266
FieldPandePappRigol_2013,116.0,95.0,0.1356530311510437,0.1353864613538646,1,0.0091992225851287
FieldPandePappRigol_2013,117.0,96.0,0.0026163795043251,0.0023997600239976,1,0.0203801372140983
FieldPandePappRigol_2013,118.0,96.0,0.088637388716479,0.0835916408359164,1,0.0104786669625013
FieldPandePappRigol_2013,119.0,97.0,0.0031922255651978,0.0031996800319968,1,0.0099539818459165
FieldPandePappRigol_2013,120.0,97.0,0.0576213993620065,0.1485441310282074,1,0.6574666295536286
FieldPandePappRigol_2013,121.0,98.0,0.002820169136388,0.002999700029997,1,0.016020293431257
FieldPandePappRigol_2013,122.0,98.0,0.0632242703478423,0.2467015468607825,1,0.6497457021697349
FieldPandePappRigol_2013,123.0,99.0,0.0017126959904035,0.0014998500149985,1,0.0155248218846802
FieldPandePappRigol_2013,124.0,99.0,0.0613910016779459,0.0670932906709329,1,0.0111692759400992
FieldPandePappRigol_2013,125.0,100.0,0.0014067096236759,0.0014998500149985,1,0.021025028582666
FieldPandePappRigol_2013,126.0,100.0,0.0588677345215352,0.0611938806119388,1,0.0121312755987632
FieldPandePappRigol_2013,127.0,101.0,0.0013419114784597,0.000999900009999,1,0.0199443344484478
FieldPandePappRigol_2013,128.0,101.0,0.0117231712414735,0.0108989101089891,1,0.0178812190600928
FieldPandePappRigol_2013,129.0,102.0,0.0008334079829496,0.0003999600039996,1,0.0195034818397548
FieldPandePappRigol_2013,130.0,102.0,0.0075918252135334,0.0068993100689931,1,0.0165034116781013
GalianiRossiSchargrodsky_2011,1.0,1.0,0.0015483414833364,0.0016277177072433,1,0.0006625318872286
GalianiRossiSchargrodsky_2011,2.0,2.0,0.0013747203401283,0.0015114521567259,1,0.0008452079660641
GalianiRossiSchargrodsky_2011,3.0,3.0,0.0186412055146511,0.0206952679920939,1,0.0002275673337375
GalianiRossiSchargrodsky_2011,4.0,4.0,0.4715904961118966,0.4856412045111034,1,0.0003955794151652
GalianiRossiSchargrodsky_2011,5.0,5.0,0.0061398408634537,0.0059295430763864,1,0.0003974897860127
GalianiRossiSchargrodsky_2011,6.0,6.0,0.0967234085631659,0.1018486222532263,1,0.0002556857179859
GalianiRossiSchargrodsky_2011,7.0,6.0,0.0959235541504303,0.0966166724799442,1,0.0009287236187791
GalianiRossiSchargrodsky_2011,8.0,7.0,0.0716950192496615,0.0699918614114637,1,0.0005363705029057
GalianiRossiSchargrodsky_2011,9.0,7.0,0.2703611549428952,0.2714800604580862,1,0.000773293084549
GalianiRossiSchargrodsky_2011,10.0,8.0,0.0488585434119672,0.0501104522729915,1,0.0002234117295607
GalianiRossiSchargrodsky_2011,11.0,8.0,0.0193433857980456,0.0184862225322636,1,0.0002559904950975
GalianiRossiSchargrodsky_2011,12.0,9.0,0.0248020455362031,0.0238344378560632,1,0.0003736651231789
GalianiRossiSchargrodsky_2011,13.0,9.0,0.095729323551328,0.0945238925706313,1,0.0009804712517719
GalianiRossiSchargrodsky_2011,14.0,10.0,0.2292278130375477,0.2198581560283688,1,0.0006625318872286
GalianiRossiSchargrodsky_2011,15.0,11.0,0.01474877213744,0.0134868038600162,1,0.0006625318872286
GalianiRossiSchargrodsky_2011,16.0,12.0,0.1523079966895746,0.1599813975119172,1,0.0006625318872286
GalianiRossiSchargrodsky_2011,17.0,13.0,0.4636385312174762,0.4611091733519358,1,0.0006625318872286
GalianiRossiSchargrodsky_2011,18.0,14.0,0.1200924696592693,0.1205673758865248,1,0.0006625318872286
GalianiRossiSchargrodsky_2011,19.0,15.0,0.5086446897053122,0.5109870945238926,1,0.0006625318872286
GalianiRossiSchargrodsky_2011,20.0,16.0,0.0024937944297155,0.0034879665155214,1,0.0006625318872286
GalianiRossiSchargrodsky_2011,21.0,17.0,0.3019435826905958,0.3032205557493315,1,0.0006625318872286
GalianiRossiSchargrodsky_2011,22.0,18.0,0.0783761607878246,0.0765027322404371,1,0.0003974897860127
GalianiRossiSchargrodsky_2011,23.0,19.0,0.3788917993300383,0.3797232879897686,1,0.0006625318872286
GalianiRossiSchargrodsky_2011,24.0,20.0,0.3690469940299222,0.3640274386699221,1,0.0003974897860127
GalianiRossiSchargrodsky_2011,25.0,21.0,0.1128651983444544,0.11056853854203,1,0.0006625318872286
GalianiRossiSchargrodsky_2011,26.0,22.0,0.0013213351665563,0.0015114521567259,1,0.0003974897860127
GerberKarlanBergan_2009,1.0,1.0,5.846132191071603e-16,0.0002272210861167,1,0.0055188368906501
GerberKarlanBergan_2009,2.0,1.0,0.0034400851064899,0.0027266530334014,1,0.0058517956657556
GerberKarlanBergan_2009,3.0,2.0,1.257651563337505e-10,0.0002272210861167,1,0.0042020528254836
GerberKarlanBergan_2009,4.0,3.0,3.5132744840096744e-21,0.0002272210861167,1,0.0055188368906501
GerberKarlanBergan_2009,5.0,3.0,0.3714470737749794,0.3635537377868666,1,0.0058517956657556
GerberKarlanBergan_2009,6.0,4.0,3.2216870900540152e-09,0.0002272210861167,1,0.0042020528254836
GerberKarlanBergan_2009,7.0,5.0,0.7821407221486204,0.7820949784139968,1,0.0055188368906502
GerberKarlanBergan_2009,8.0,5.0,1.7978152127015214e-10,0.0002272210861167,1,0.0058517956657556
GerberKarlanBergan_2009,9.0,6.0,0.0002520700965134,0.0004544421722335,1,0.0042020528254836
GerberKarlanBergan_2009,10.0,7.0,0.0727621605835451,0.0713474210406725,1,0.0054797757080675
GerberKarlanBergan_2009,11.0,7.0,0.2958062548582761,0.2869802317655078,1,0.005885162419654
GerberKarlanBergan_2009,12.0,8.0,0.0925227323517671,0.0892978868438991,1,0.0042288904767201
GerberKarlanBergan_2009,13.0,9.0,0.0193179823962162,0.0184049079754601,1,0.0054797757080675
GerberKarlanBergan_2009,14.0,9.0,0.1311669396759461,0.123153828675301,1,0.005885162419654
GerberKarlanBergan_2009,15.0,10.0,0.0225124710975832,0.0222676664394455,1,0.0042288904767201
GerberKarlanBergan_2009,16.0,11.0,0.6841777463682986,0.6839354692115428,1,0.0055188368906501
GerberKarlanBergan_2009,17.0,11.0,0.3981979575273791,0.4033174278573052,1,0.0058517956657556
GerberKarlanBergan_2009,18.0,12.0,0.783442588562597,0.7880027266530334,1,0.0042020528254836
GerberKarlanBergan_2009,19.0,13.0,0.35387872135689,0.3592365371506476,1,0.0055162453458131
GerberKarlanBergan_2009,20.0,13.0,0.5730185494029996,0.5685071574642127,1,0.0058396981931294
GerberKarlanBergan_2009,21.0,14.0,0.3765966849629895,0.3871847307430129,1,0.0041630362397539
GerberKarlanBergan_2009,22.0,15.0,0.1212964841695127,0.1245171551920018,1,0.0054395981935576
GerberKarlanBergan_2009,23.0,15.0,0.3438751548680826,0.3603726425812315,1,0.0059406457690902
GerberKarlanBergan_2009,24.0,16.0,0.1382967442462802,0.1463303794592138,1,0.0041586446760135
GerberKarlanBergan_2009,25.0,17.0,0.9727245450572846,0.970461258804817,1,0.0055156715766648
GerberKarlanBergan_2009,26.0,17.0,0.8733561225165688,0.8752556237218814,1,0.0058631764542687
GerberKarlanBergan_2009,27.0,18.0,0.938813719328963,0.940013633265167,1,0.0042849914078277
GerberKarlanBergan_2009,28.0,19.0,0.5600278977629907,0.5662349466030447,1,0.0015561024338336
GerberKarlanBergan_2009,29.0,19.0,0.7706361181865375,0.7661895023858214,1,0.0015701506389494
GerberKarlanBergan_2009,30.0,20.0,0.8609442561650192,0.8736650761190639,1,0.0011944758373656
GerberKarlanBergan_2009,31.0,21.0,0.2080303704408634,0.2010906612133606,1,0.0015561024338336
GerberKarlanBergan_2009,32.0,21.0,0.1088407235137299,0.1120199954555782,1,0.0015701506389494
GerberKarlanBergan_2009,33.0,22.0,0.0882228920746324,0.0831629175187457,1,0.0011944758373656
GerberKarlanBergan_2009,34.0,23.0,0.0136217597767777,0.0127243808225403,1,0.007773934961883
GerberKarlanBergan_2009,35.0,23.0,0.0998238902236458,0.1002044989775051,1,0.0091245046449433
GerberKarlanBergan_2009,36.0,24.0,0.0138837478141008,0.0129516019086571,1,0.0088270253161006
GerberKarlanBergan_2009,37.0,25.0,0.0426025356282683,0.0429447852760736,1,0.0060012072819224
GerberKarlanBergan_2009,38.0,25.0,0.0844497201421713,0.0811179277436946,1,0.0062572738729102
GerberKarlanBergan_2009,39.0,26.0,0.0256044339132609,0.0254487616450806,1,0.00436446790601
GerberKarlanBergan_2009,40.0,27.0,0.479128747675099,0.4903431038400364,1,0.0054839634074556
GerberKarlanBergan_2009,41.0,27.0,0.5463336113705144,0.5457850488525335,1,0.0059205453334048
GerberKarlanBergan_2009,42.0,28.0,0.4351937258386477,0.4328561690524881,1,0.0042332193032009
GerberKarlanBergan_2009,43.0,29.0,0.4665707720042928,0.4537605089752329,1,0.0057645864119087
GerberKarlanBergan_2009,44.0,29.0,0.8613407788077821,0.8718473074301295,1,0.0059170116733395
GerberKarlanBergan_2009,45.0,30.0,0.7496319665132198,0.7561917745966825,1,0.0042395023179082
GerberKarlanBergan_2009,46.0,31.0,0.2932332859810672,0.2908429902294933,1,0.0058615529505244
GerberKarlanBergan_2009,47.0,31.0,0.5226510380708604,0.5171551920018178,1,0.0059119222004058
GerberKarlanBergan_2009,48.0,32.0,0.8195799809405272,0.8170870256759827,1,0.0042353723007398
GerberKarlanBergan_2009,49.0,33.0,0.294794638963935,0.304249034310384,1,0.0055452150006915
GerberKarlanBergan_2009,50.0,33.0,0.4653408105106981,0.4662576687116564,1,0.0059640980277485
GerberKarlanBergan_2009,51.0,34.0,0.8617265890631476,0.8616223585548739,1,0.0041666680454991
GerberKarlanBergan_2009,52.0,35.0,0.3463357789053233,0.3487843671892752,1,0.0069892101087618
GerberKarlanBergan_2009,53.0,35.0,0.6701873580169226,0.6730288570779368,1,0.0069939664131967
GerberKarlanBergan_2009,54.0,36.0,0.4186974777726516,0.4135423767325608,1,0.0048542057148785
GerberKarlanBergan_2009,55.0,37.0,0.6363209856998712,0.6173596909793229,1,0.0055640769667837
GerberKarlanBergan_2009,56.0,37.0,0.4761179723138802,0.4882981140649852,1,0.006435336500106
GerberKarlanBergan_2009,57.0,38.0,0.4770689076946474,0.4735287434673937,1,0.0044947403559877
GerberKarlanBergan_2009,58.0,39.0,0.824311662225005,0.8229947739150193,1,0.0089048304884034
GerberKarlanBergan_2009,59.0,39.0,0.7542661015294346,0.7409679618268575,1,0.0083774979439749
GerberKarlanBergan_2009,60.0,40.0,0.7465289990410073,0.7352874346739378,1,0.0055274795461169
GerberKarlanBergan_2009,61.0,41.0,0.2780093365027277,0.2810724835264712,1,0.0069320053110159
GerberKarlanBergan_2009,62.0,41.0,0.5842224328077787,0.5864576232674392,1,0.0064492570230777
GerberKarlanBergan_2009,63.0,42.0,0.7780329753792998,0.7823221995001136,1,0.005320350522021
GerberKarlanBergan_2009,64.0,43.0,0.3294699052748374,0.3349238809361509,1,0.0062122952639351
GerberKarlanBergan_2009,65.0,43.0,0.1291634808728606,0.1333787775505567,1,0.0065494932542581
GerberKarlanBergan_2009,66.0,44.0,0.1363401032859846,0.1411042944785276,1,0.0046172513999032
GerberKarlanBergan_2009,67.0,45.0,0.9516851421108002,0.9484208134514884,1,0.006534917276324
GerberKarlanBergan_2009,68.0,45.0,0.339748214232099,0.3526471256532606,1,0.0064292607524982
GerberKarlanBergan_2009,69.0,46.0,0.5877478614634238,0.5928198136787094,1,0.0044624339778587
GerberKarlanBergan_2009,70.0,47.0,0.1336245350450604,0.1342876618950238,1,0.0067721274281633
GerberKarlanBergan_2009,71.0,47.0,0.1342919377709757,0.140649852306294,1,0.0066811487474601
GerberKarlanBergan_2009,72.0,48.0,0.0731956777881028,0.075210179504658,1,0.0044859436098177
GerberKarlanBergan_2009,73.0,49.0,0.2088793222855567,0.2094978413996819,1,0.0058528460864165
GerberKarlanBergan_2009,74.0,49.0,0.9018638897634736,0.8975232901613269,1,0.0062254591661474
GerberKarlanBergan_2009,75.0,50.0,0.4175653415679672,0.4144512610770279,1,0.0044326575339369
GineJakielaKarlanMorduch_2010,1.0,1.0,9.641445358845698e-36,0.0004345936549326,1,0.0168834411209706
GineJakielaKarlanMorduch_2010,2.0,1.0,0.2480487132342055,0.439374185136897,1,0.0158992836708579
GineJakielaKarlanMorduch_2010,3.0,1.0,0.4218104634337386,0.5567144719687093,1,0.0204677280865505
GineJakielaKarlanMorduch_2010,4.0,1.0,0.0001423456634327,0.0378096479791395,1,0.0197787618933195
GineJakielaKarlanMorduch_2010,5.0,1.0,0.7811288276335147,0.8791829639287266,1,0.0172312037162444
GineJakielaKarlanMorduch_2010,6.0,1.0,1.3604220746888518e-07,0.0134724033029117,1,0.0163285274676028
GineJakielaKarlanMorduch_2010,7.0,1.0,0.6800706315042997,0.8491960017383746,1,0.0163497904818826
GineJakielaKarlanMorduch_2010,8.0,1.0,0.1544952306547979,0.5623641894828335,1,0.0171473578383536
GineJakielaKarlanMorduch_2010,9.0,1.0,0.0148321463542599,0.28335506301608,1,0.016518359919083
GineJakielaKarlanMorduch_2010,10.0,2.0,1.1826059198309123e-23,0.0004345936549326,1,0.017937910882966
GineJakielaKarlanMorduch_2010,11.0,2.0,0.3335144466939382,0.5358539765319427,1,0.0171820478075638
GineJakielaKarlanMorduch_2010,12.0,2.0,0.1849832240384211,0.4367666232073012,1,0.0226086596452096
GineJakielaKarlanMorduch_2010,13.0,2.0,0.0002486353707596,0.0604085180356366,1,0.0219501363801305
GineJakielaKarlanMorduch_2010,14.0,2.0,0.5836677405140398,0.7835723598435462,1,0.0184628865086572
GineJakielaKarlanMorduch_2010,15.0,2.0,0.0032614561910819,0.0995219469795741,1,0.0178546438016891
GineJakielaKarlanMorduch_2010,16.0,2.0,0.2633924676119045,0.4758800521512386,1,0.0182186382828029
GineJakielaKarlanMorduch_2010,17.0,2.0,0.915942615781106,0.9487179487179488,1,0.0190555552624708
GineJakielaKarlanMorduch_2010,18.0,2.0,0.0935546620801524,0.3463711429813125,1,0.0175054873534978
GineJakielaKarlanMorduch_2010,19.0,3.0,0.2480746781349291,0.439374185136897,1,0.0158992836708568
GineJakielaKarlanMorduch_2010,20.0,3.0,0.421829425331493,0.5567144719687093,1,0.0204677280865512
GineJakielaKarlanMorduch_2010,21.0,3.0,0.000143047317733,0.0378096479791395,1,0.0197787618933199
GineJakielaKarlanMorduch_2010,22.0,3.0,0.7811350681414034,0.8791829639287266,1,0.0172312037162445
GineJakielaKarlanMorduch_2010,23.0,4.0,0.1458897009416825,0.3320295523685354,1,0.0182395807299669
GineJakielaKarlanMorduch_2010,24.0,4.0,0.1570856966912186,0.357670578009561,1,0.0241468318689625
GineJakielaKarlanMorduch_2010,25.0,4.0,0.000487540310409,0.0721425467188179,1,0.0235079656009597
GineJakielaKarlanMorduch_2010,26.0,4.0,0.6642261007874799,0.8218166014776185,1,0.0197608583727129
GineJakielaKarlanMorduch_2010,27.0,5.0,3.949753238757029e-17,0.0021729682746631,1,0.0186213135019233
GineJakielaKarlanMorduch_2010,28.0,5.0,0.1894994125733418,0.738374619730552,1,0.0163255985967897
GineJakielaKarlanMorduch_2010,29.0,5.0,6.130644707628638e-08,0.1043024771838331,1,0.0157363805847057
GineJakielaKarlanMorduch_2010,30.0,5.0,0.0032450260678024,0.1438504997827031,1,0.0168761069435189
GineJakielaKarlanMorduch_2010,31.0,6.0,4.179472308420444e-05,0.0573663624511082,1,0.021756531203073
GineJakielaKarlanMorduch_2010,32.0,6.0,0.6711189994175031,0.7992177314211213,1,0.0199197895499768
GineJakielaKarlanMorduch_2010,33.0,6.0,0.0003988049541165,0.0790960451977401,1,0.0192979016200613
GineJakielaKarlanMorduch_2010,34.0,6.0,0.0552458014711493,0.3029117774880486,1,0.0187412907761047
GineJakielaKarlanMorduch_2010,35.0,7.0,7.218890520549722e-29,0.0004345936549326,1,0.0168834411209706
GineJakielaKarlanMorduch_2010,36.0,7.0,1.2969065310262516e-55,0.0004345936549326,1,0.0158992836708579
GineJakielaKarlanMorduch_2010,37.0,7.0,0.017220545302916,0.2516297262059974,1,0.0204677280865505
GineJakielaKarlanMorduch_2010,38.0,7.0,0.0029866654034138,0.1190786614515428,1,0.0197787618933195
GineJakielaKarlanMorduch_2010,39.0,7.0,0.0361540535533041,0.3159495871360278,1,0.0172312037162444
GineJakielaKarlanMorduch_2010,40.0,7.0,3.810049137416458e-09,0.1499348109517601,1,0.0163285274676028
GineJakielaKarlanMorduch_2010,41.0,7.0,0.439565309830456,0.7457627118644068,1,0.0163497904818826
GineJakielaKarlanMorduch_2010,42.0,7.0,0.8559515390810075,0.9274228596262496,1,0.0171473578383536
GineJakielaKarlanMorduch_2010,43.0,7.0,0.8013327128199568,0.8991742720556279,1,0.016518359919083
GineJakielaKarlanMorduch_2010,44.0,8.0,2.2167126284736226e-23,0.0004345936549326,1,0.017937910882966
GineJakielaKarlanMorduch_2010,45.0,8.0,1.205528365407378e-55,0.0004345936549326,1,0.0171820478075638
GineJakielaKarlanMorduch_2010,46.0,8.0,0.0121346520150234,0.2620599739243807,1,0.0226086596452096
GineJakielaKarlanMorduch_2010,47.0,8.0,0.0092192743709202,0.195567144719687,1,0.0219501363801305
GineJakielaKarlanMorduch_2010,48.0,8.0,0.0569897718383485,0.3767926988265971,1,0.0184628865086572
GineJakielaKarlanMorduch_2010,49.0,8.0,2.284820865176454e-06,0.1686223381138635,1,0.0178546438016891
GineJakielaKarlanMorduch_2010,50.0,8.0,0.1109616458440846,0.4902216427640156,1,0.0182186382828029
GineJakielaKarlanMorduch_2010,51.0,8.0,0.429695451302997,0.6966536288570186,1,0.0190555552624708
GineJakielaKarlanMorduch_2010,52.0,8.0,0.78813683631098,0.8926553672316384,1,0.0175054873534978
GineJakielaKarlanMorduch_2010,53.0,9.0,3.7380858276032504e-55,0.0004345936549326,1,0.0158992836708568
GineJakielaKarlanMorduch_2010,54.0,9.0,0.0172364853085385,0.2516297262059974,1,0.0204677280865512
GineJakielaKarlanMorduch_2010,55.0,9.0,0.0029926309582543,0.1190786614515428,1,0.0197787618933199
GineJakielaKarlanMorduch_2010,56.0,9.0,0.0361758460858584,0.3159495871360278,1,0.0172312037162445
GineJakielaKarlanMorduch_2010,57.0,10.0,5.086544110721534e-53,0.0004345936549326,1,0.0182395807299669
GineJakielaKarlanMorduch_2010,58.0,10.0,0.0339781909571689,0.316818774445893,1,0.0241468318689625
GineJakielaKarlanMorduch_2010,59.0,10.0,0.0278904851367123,0.2507605388961321,1,0.0235079656009597
GineJakielaKarlanMorduch_2010,60.0,10.0,0.0505906129662471,0.3372446762277271,1,0.0197608583727129
GineJakielaKarlanMorduch_2010,61.0,11.0,6.133584676638445e-30,0.0004345936549326,1,0.0186213135019233
GineJakielaKarlanMorduch_2010,62.0,11.0,0.0331170999253501,0.4810951760104302,1,0.0163255985967897
GineJakielaKarlanMorduch_2010,63.0,11.0,5.634441753189158e-06,0.0556279878313776,1,0.0157363805847057
GineJakielaKarlanMorduch_2010,64.0,11.0,0.0030550763754201,0.1673185571490656,1,0.0168761069435189
GineJakielaKarlanMorduch_2010,65.0,12.0,1.8266443409961546e-34,0.0004345936549326,1,0.021756531203073
GineJakielaKarlanMorduch_2010,66.0,12.0,0.390291013733217,0.7540199913081269,1,0.0199197895499768
GineJakielaKarlanMorduch_2010,67.0,12.0,0.0251234184944006,0.3116036505867014,1,0.0192979016200613
GineJakielaKarlanMorduch_2010,68.0,12.0,0.0742138319036291,0.4345936549326379,1,0.0187412907761047
GineJakielaKarlanMorduch_2010,69.0,13.0,1.1826059198310565e-23,0.0004345936549326,1,0.017937910882966
GineJakielaKarlanMorduch_2010,70.0,13.0,0.3335144466939155,0.5358539765319427,1,0.0171820478075638
GineJakielaKarlanMorduch_2010,71.0,13.0,0.18498322403842,0.4367666232073012,1,0.0226086596452096
GineJakielaKarlanMorduch_2010,72.0,13.0,0.0002486353707596,0.0604085180356366,1,0.0219501363801305
GineJakielaKarlanMorduch_2010,73.0,13.0,0.583667740514042,0.7835723598435462,1,0.0184628865086572
GineJakielaKarlanMorduch_2010,74.0,13.0,0.0032614561910824,0.0995219469795741,1,0.0178546438016891
GineJakielaKarlanMorduch_2010,75.0,13.0,0.2633924676118994,0.4758800521512386,1,0.0182186382828029
GineJakielaKarlanMorduch_2010,76.0,13.0,0.9159426157811096,0.9487179487179488,1,0.0190555552624708
GineJakielaKarlanMorduch_2010,77.0,13.0,0.0935546620801532,0.3463711429813125,1,0.0175054873534978
GineJakielaKarlanMorduch_2010,78.0,14.0,2.4826523755856225e-15,0.0004345936549326,1,0.0304308662956088
GineJakielaKarlanMorduch_2010,79.0,14.0,0.7271532036016881,0.7940026075619296,1,0.0299420400019294
GineJakielaKarlanMorduch_2010,80.0,14.0,0.4841715682394728,0.595393307257714,1,0.0401597363333639
GineJakielaKarlanMorduch_2010,81.0,14.0,0.0081065333436049,0.080399826162538,1,0.0392370157261427
GineJakielaKarlanMorduch_2010,82.0,14.0,0.8305267452396801,0.8917861799217731,1,0.0317475396834754
GineJakielaKarlanMorduch_2010,83.0,14.0,0.0022068026163245,0.0664928292046936,1,0.0305166340868821
GineJakielaKarlanMorduch_2010,84.0,14.0,0.6585698359352574,0.7427205562798783,1,0.0319968414666644
GineJakielaKarlanMorduch_2010,85.0,14.0,0.7838316371349773,0.8300738809213386,1,0.0336993246517578
GineJakielaKarlanMorduch_2010,86.0,14.0,0.5154789255955583,0.6631899174272056,1,0.0302468583819674
GineJakielaKarlanMorduch_2010,87.0,15.0,3.7979818128755833e-07,0.0004345936549326,1,0.1121917612483499
GineJakielaKarlanMorduch_2010,88.0,15.0,0.2396819505528173,0.3163841807909605,1,0.0899515433881898
GineJakielaKarlanMorduch_2010,89.0,15.0,0.4016159059996742,0.5015210777922642,1,0.0873103352921863
GineJakielaKarlanMorduch_2010,90.0,15.0,0.3298152270232335,0.474141677531508,1,0.0897836846545312
GineJakielaKarlanMorduch_2010,91.0,15.0,0.1184676840961903,0.3750543242068666,1,0.0826629352195145
GineJakielaKarlanMorduch_2010,92.0,15.0,0.1636878296539813,0.2564102564102564,1,0.0886846933228653
GineJakielaKarlanMorduch_2010,93.0,15.0,0.16365949700352,0.2533681008257279,1,0.0756032740094564
GineJakielaKarlanMorduch_2010,94.0,15.0,0.8021610515223937,0.8361581920903954,1,0.0825504689238349
GineJakielaKarlanMorduch_2010,95.0,15.0,0.0931175557906953,0.2046936114732725,1,0.0778562014999196
GineJakielaKarlanMorduch_2010,96.0,16.0,3.711938051081327e-06,0.0008691873098652,1,0.0467544392053703
GineJakielaKarlanMorduch_2010,97.0,16.0,0.8595224928705942,0.8948283355063016,1,0.0397279011900475
GineJakielaKarlanMorduch_2010,98.0,16.0,0.0527161832082937,0.2729248152976966,1,0.0516676789702573
GineJakielaKarlanMorduch_2010,99.0,16.0,0.0003104636161902,0.0243372446762277,1,0.0500995823829655
GineJakielaKarlanMorduch_2010,100.0,16.0,0.3132549456890454,0.3920034767492394,1,0.04302647230635
GineJakielaKarlanMorduch_2010,101.0,16.0,0.0348636925010439,0.0995219469795741,1,0.0431418071203018
GineJakielaKarlanMorduch_2010,102.0,16.0,0.3643164266405321,0.4259017818339852,1,0.0414254496939713
GineJakielaKarlanMorduch_2010,103.0,16.0,0.5934947945228762,0.6453715775749674,1,0.0432587671091953
GineJakielaKarlanMorduch_2010,104.0,16.0,0.1132517595856375,0.2068665797479356,1,0.0398757823439589
GineJakielaKarlanMorduch_2010,105.0,17.0,1.1964149971572976e-17,0.0004345936549326,1,0.0272782017701726
GineJakielaKarlanMorduch_2010,106.0,17.0,0.7671541754480539,0.8226857887874837,1,0.0243372773716511
GineJakielaKarlanMorduch_2010,107.0,17.0,0.4668782614499117,0.6366797044763146,1,0.0242599687897526
GineJakielaKarlanMorduch_2010,108.0,17.0,0.0094916543469176,0.1638418079096045,1,0.0231814828223762
GineJakielaKarlanMorduch_2010,109.0,17.0,0.158517370575366,0.536723163841808,1,0.0222059913314507
GineJakielaKarlanMorduch_2010,110.0,17.0,0.0054764838060416,0.0721425467188179,1,0.024677528043898
GineJakielaKarlanMorduch_2010,111.0,17.0,0.1968904029278842,0.388961321164711,1,0.0251099959976607
GineJakielaKarlanMorduch_2010,112.0,17.0,0.6011089204847269,0.7262059973924381,1,0.0241147475397752
GineJakielaKarlanMorduch_2010,113.0,17.0,0.0029699087781173,0.0986527596697088,1,0.0221751109841723
GineJakielaKarlanMorduch_2010,114.0,18.0,0.0102094917712081,0.0221642764015645,1,0.2121829563885681
GineJakielaKarlanMorduch_2010,115.0,18.0,0.4700152289966238,0.4376358105171664,1,0.2423966365786514
GineJakielaKarlanMorduch_2010,116.0,18.0,0.0580068844455266,0.0656236418948283,1,0.1820886693881862
GineJakielaKarlanMorduch_2010,117.0,18.0,0.2902051959018216,0.3176879617557583,1,0.1452525511930226
GineJakielaKarlanMorduch_2010,118.0,18.0,0.7024300890129743,0.7036071273359409,1,0.1669515074208092
GineJakielaKarlanMorduch_2010,119.0,18.0,0.5601395303288799,0.5406345067362016,1,0.2169424959607469
GineJakielaKarlanMorduch_2010,120.0,18.0,0.148133918925835,0.1447196870925684,1,0.2067640352212426
GineJakielaKarlanMorduch_2010,121.0,18.0,0.4395797093312403,0.5232507605388962,1,0.1775777534426767
GineJakielaKarlanMorduch_2010,122.0,18.0,0.6629017546713419,0.6384180790960452,1,0.1701274062019334
GineJakielaKarlanMorduch_2010,123.0,19.0,0.0293281971404298,0.0460669274228596,1,0.1153249119874996
GineJakielaKarlanMorduch_2010,124.0,19.0,0.5719307719316172,0.6027813993915688,1,0.1654301487500959
GineJakielaKarlanMorduch_2010,125.0,19.0,0.2542357716367053,0.2877009995654063,1,0.1717452859477945
GineJakielaKarlanMorduch_2010,126.0,19.0,0.2919194918620426,0.2733594089526293,1,0.1386497102997979
GineJakielaKarlanMorduch_2010,127.0,19.0,0.1792043783423274,0.1933941764450239,1,0.1592547356254102
GineJakielaKarlanMorduch_2010,128.0,19.0,0.3732003989467838,0.3833116036505867,1,0.1355336159128553
GineJakielaKarlanMorduch_2010,129.0,19.0,0.5015791808589669,0.5832246849196002,1,0.1387768334103686
GineJakielaKarlanMorduch_2010,130.0,19.0,0.6032946211524026,0.7083876575401999,1,0.123239544589295
GineJakielaKarlanMorduch_2010,131.0,19.0,0.5397611512844351,0.5262929161234245,1,0.162061642047576
GineJakielaKarlanMorduch_2010,132.0,20.0,4.061855351783708e-16,0.0004345936549326,1,0.0216368571599569
GineJakielaKarlanMorduch_2010,133.0,20.0,0.1764076776367448,0.4254671881790526,1,0.0235361096114243
GineJakielaKarlanMorduch_2010,134.0,20.0,0.000281660344078,0.0664928292046936,1,0.0227080209348886
GineJakielaKarlanMorduch_2010,135.0,20.0,0.6341871744233398,0.8183398522381573,1,0.0188302328465604
GineJakielaKarlanMorduch_2010,136.0,20.0,0.2981724372667673,0.499348109517601,1,0.0190598364022277
GineJakielaKarlanMorduch_2010,137.0,20.0,0.8937776144394186,0.9335071707953064,1,0.0196979714324116
GineJakielaKarlanMorduch_2010,138.0,20.0,0.0704827792434227,0.3107344632768362,1,0.0177861424676473
GineJakielaKarlanMorduch_2010,139.0,21.0,1.1481620828732951e-14,0.0004345936549326,1,0.0231458825438141
GineJakielaKarlanMorduch_2010,140.0,21.0,0.3238907847982399,0.536723163841808,1,0.0262000155711254
GineJakielaKarlanMorduch_2010,141.0,21.0,0.0005563548785094,0.1408083441981747,1,0.0252155517137033
GineJakielaKarlanMorduch_2010,142.0,21.0,0.4235266938604669,0.6431986093003043,1,0.0209857828192554
GineJakielaKarlanMorduch_2010,143.0,21.0,0.1630141466659468,0.3511516731855715,1,0.0209989526347739
GineJakielaKarlanMorduch_2010,144.0,21.0,0.6726751025089139,0.8113863537592351,1,0.0214629839691117
GineJakielaKarlanMorduch_2010,145.0,21.0,0.021651219005939,0.18122555410691,1,0.0195612987678661
GineJakielaKarlanMorduch_2010,146.0,22.0,0.0032395354844831,0.0065189048239895,1,0.0592567781906195
GineJakielaKarlanMorduch_2010,147.0,22.0,0.2345820973158472,0.3389830508474576,1,0.0848470871994543
GineJakielaKarlanMorduch_2010,148.0,22.0,3.872154669932049e-05,0.0073880921338548,1,0.0613847415292238
GineJakielaKarlanMorduch_2010,149.0,22.0,0.0289819137575705,0.0682312038244241,1,0.0577817244270718
GineJakielaKarlanMorduch_2010,150.0,22.0,0.5519101527342429,0.6453715775749674,1,0.0640306729385728
GineJakielaKarlanMorduch_2010,151.0,22.0,0.1802025571249954,0.3272490221642764,1,0.0610675475059796
GineJakielaKarlanMorduch_2010,152.0,22.0,0.1609054648300505,0.258148631029987,1,0.0524410429279228
GineJakielaKarlanMorduch_2010,153.0,23.0,1.4600376232909404e-10,0.0004345936549326,1,0.0390970469895171
GineJakielaKarlanMorduch_2010,154.0,23.0,0.3340658465638628,0.53541938287701,1,0.0440426569671547
GineJakielaKarlanMorduch_2010,155.0,23.0,0.0935606445943739,0.3824424163407214,1,0.0424686759764088
GineJakielaKarlanMorduch_2010,156.0,23.0,0.0166854686695479,0.2385919165580182,1,0.0366250925914113
GineJakielaKarlanMorduch_2010,157.0,23.0,0.341947194652043,0.5063016079965232,1,0.0352182915348393
GineJakielaKarlanMorduch_2010,158.0,23.0,0.6307752033211731,0.7422859626249457,1,0.0362140946147149
GineJakielaKarlanMorduch_2010,159.0,23.0,0.0015912397540708,0.0612777053455019,1,0.0335138314699611
GineJakielaKarlanMorduch_2010,160.0,24.0,0.1169565517481525,0.1112559756627553,1,0.0731052538028372
GineJakielaKarlanMorduch_2010,161.0,24.0,0.9210569401188664,0.92916123424598,1,0.0831526206953579
GineJakielaKarlanMorduch_2010,162.0,24.0,0.0431840288308192,0.0334637114298131,1,0.0854568193679726
GineJakielaKarlanMorduch_2010,163.0,24.0,0.2871991888502174,0.3063885267275097,1,0.0718816190720919
GineJakielaKarlanMorduch_2010,164.0,24.0,0.4095032865959583,0.5749674054758801,1,0.0683884978276735
GineJakielaKarlanMorduch_2010,165.0,24.0,0.1527930674961709,0.1673185571490656,1,0.0780354812494816
GineJakielaKarlanMorduch_2010,166.0,24.0,0.4417477868348582,0.444154715341156,1,0.0640166759780825
GineJakielaKarlanMorduch_2010,167.0,25.0,0.8473545079143767,0.8205128205128205,1,0.0027599201632623
GineJakielaKarlanMorduch_2010,168.0,25.0,0.7691398994197948,0.7453281182094741,1,0.0027599201632623
GineJakielaKarlanMorduch_2010,169.0,25.0,0.0843459702772042,0.1529769665362885,1,0.0033958813326073
GineJakielaKarlanMorduch_2010,170.0,25.0,0.8962350493509929,0.9061277705345502,1,0.0033958813326073
GineJakielaKarlanMorduch_2010,171.0,25.0,0.524542662140638,0.6318991742720557,1,0.0028789693954208
GineJakielaKarlanMorduch_2010,172.0,25.0,0.481529536860526,0.6066927422859626,1,0.0028789693954208
GineJakielaKarlanMorduch_2010,173.0,26.0,0.294832030804988,0.5632333767926988,1,0.0039337153388345
GineJakielaKarlanMorduch_2010,174.0,26.0,0.8469732652204303,0.8309430682312038,1,0.0039337153388345
GineJakielaKarlanMorduch_2010,175.0,26.0,2.879160751063396e-05,0.0052151238591916,1,0.0055526563716991
GineJakielaKarlanMorduch_2010,176.0,26.0,0.0029860588262292,0.0199913081269013,1,0.0055526563716991
GineJakielaKarlanMorduch_2010,177.0,26.0,0.0323572486260852,0.0199913081269013,1,0.0045718504364682
GineJakielaKarlanMorduch_2010,178.0,26.0,0.3354768603583445,0.2937853107344633,1,0.0045718504364682
GineJakielaKarlanMorduch_2010,179.0,27.0,0.9155878496661878,0.9348776223776224,1,0.0695627701406222
GineJakielaKarlanMorduch_2010,180.0,27.0,0.3139029009587922,0.4239510489510489,1,0.0695627701406222
GineJakielaKarlanMorduch_2010,181.0,27.0,0.8316037122076314,0.8804204993429697,1,0.2586942114554834
GineJakielaKarlanMorduch_2010,182.0,27.0,0.5523892627157507,0.7074025405168638,1,0.2586942114554834
GineJakielaKarlanMorduch_2010,183.0,27.0,0.8509360299903651,0.9067722075637644,1,0.2820821299339293
GineJakielaKarlanMorduch_2010,184.0,27.0,0.4450578565497591,0.56,1,0.2820821299339293
GineJakielaKarlanMorduch_2010,185.0,28.0,0.8092781163722581,0.8684440559440559,1,0.1059476944765121
GineJakielaKarlanMorduch_2010,186.0,28.0,0.5040141687138942,0.6350524475524476,1,0.1059476944765121
GineJakielaKarlanMorduch_2010,187.0,28.0,0.5990447588232941,0.6740934906072521,1,0.1323294160821324
GineJakielaKarlanMorduch_2010,188.0,28.0,0.2478742328176996,0.327217125382263,1,0.1323294160821324
GineJakielaKarlanMorduch_2010,189.0,28.0,0.618048267515418,0.7263157894736842,1,0.1150342478759934
GineJakielaKarlanMorduch_2010,190.0,28.0,0.3622523769377438,0.4662280701754386,1,0.1150342478759934
GineJakielaKarlanMorduch_2010,191.0,29.0,0.4205694286231925,0.4706649282920469,1,0.0098540187831798
GineJakielaKarlanMorduch_2010,192.0,29.0,0.6436521543199928,0.6471099521946979,1,0.0098540187831798
GineJakielaKarlanMorduch_2010,193.0,29.0,0.0561667750956146,0.1899174272055628,1,0.0102260950269222
GineJakielaKarlanMorduch_2010,194.0,29.0,0.1353206954042224,0.1203824424163407,1,0.0102260950269222
GineJakielaKarlanMorduch_2010,195.0,29.0,0.6787736663478354,0.6992611907866145,1,0.0109277299605246
GineJakielaKarlanMorduch_2010,196.0,29.0,0.2436290504406172,0.28335506301608,1,0.0109277299605246
GineJakielaKarlanMorduch_2010,197.0,30.0,0.1577741185568494,0.1738374619730552,1,0.0159034444571206
GineJakielaKarlanMorduch_2010,198.0,30.0,0.3423127485844591,0.3159495871360278,1,0.0159034444571206
GineJakielaKarlanMorduch_2010,199.0,30.0,0.0002678759742728,0.0039113428943937,1,0.0171257998448246
GineJakielaKarlanMorduch_2010,200.0,30.0,0.016573598506683,0.0265102129508909,1,0.0171257998448246
GineJakielaKarlanMorduch_2010,201.0,30.0,0.5147154989216038,0.540199913081269,1,0.0172012092487076
GineJakielaKarlanMorduch_2010,202.0,30.0,0.7399776925367723,0.7618426770969143,1,0.0172012092487076
GineJakielaKarlanMorduch_2010,203.0,31.0,0.9226447149606788,0.9122120817036072,1,0.0050852169255369
GineJakielaKarlanMorduch_2010,204.0,31.0,0.2709950154106217,0.2229465449804432,1,0.0050852169255369
GineJakielaKarlanMorduch_2010,205.0,31.0,0.5281164781303191,0.5202086049543677,1,0.0064572278647741
GineJakielaKarlanMorduch_2010,206.0,31.0,0.988960046452853,0.9834854411125598,1,0.0064572278647741
GineJakielaKarlanMorduch_2010,207.0,31.0,0.1263102422610135,0.241199478487614,1,0.0054198753492092
GineJakielaKarlanMorduch_2010,208.0,31.0,0.4210387583979142,0.5623641894828335,1,0.0054198753492092
GineJakielaKarlanMorduch_2010,209.0,32.0,0.6551112868351558,0.6392872664059105,1,0.0062291241182661
GineJakielaKarlanMorduch_2010,210.0,32.0,0.0806398038991218,0.0656236418948283,1,0.0062291241182661
GineJakielaKarlanMorduch_2010,211.0,32.0,0.1298579399689414,0.2207735767057801,1,0.0091216790075485
GineJakielaKarlanMorduch_2010,212.0,32.0,0.4569227229008641,0.4928292046936114,1,0.0091216790075485
GineJakielaKarlanMorduch_2010,213.0,32.0,0.0551555377451485,0.0338983050847457,1,0.0075859754862164
GineJakielaKarlanMorduch_2010,214.0,32.0,0.4571486949295228,0.4324206866579748,1,0.0075859754862164
GuryanKroftNotowidigdo_2009,1.0,1.0,0.3785860998119204,0.4135864135864135,1,0.0110528712889479
GuryanKroftNotowidigdo_2009,2.0,2.0,0.418575311756631,0.4735264735264735,1,0.011191909783745
GuryanKroftNotowidigdo_2009,3.0,3.0,0.4901422033587234,0.4935064935064935,1,0.0029577866359054
GuryanKroftNotowidigdo_2009,4.0,4.0,0.3222091587579857,0.3466533466533466,1,0.0030326707751513
GuryanKroftNotowidigdo_2009,5.0,5.0,0.7187821133130755,0.7142857142857143,1,0.0042330872062216
GuryanKroftNotowidigdo_2009,6.0,6.0,0.2469713841511235,0.2627372627372627,1,0.003016826792653
GuryanKroftNotowidigdo_2009,7.0,6.0,0.7019673097698929,0.6853146853146853,1,0.0037018143590685
GuryanKroftNotowidigdo_2009,8.0,6.0,0.5266005763330044,0.5434565434565435,1,0.0035974411278529
GuryanKroftNotowidigdo_2009,9.0,7.0,0.4609903103874417,0.5094905094905094,1,0.0236005643691404
GuryanKroftNotowidigdo_2009,10.0,8.0,0.4475683726699753,0.4915084915084915,1,0.0086279649845085
GuryanKroftNotowidigdo_2009,11.0,9.0,0.4508907323458336,0.4885114885114885,1,0.0500999308069575
GuryanKroftNotowidigdo_2009,12.0,10.0,0.6961698008869757,0.7292707292707292,1,0.0019880895296881
GuryanKroftNotowidigdo_2009,13.0,11.0,0.4016894348435931,0.3816183816183816,1,0.0013306229486505
GuryanKroftNotowidigdo_2009,14.0,12.0,0.5494867403417742,0.5164835164835165,1,0.0014036984254502
GuryanKroftNotowidigdo_2009,15.0,13.0,0.2066547195587069,0.2407592407592407,1,0.0081171618232047
GuryanKroftNotowidigdo_2009,16.0,14.0,0.7610703900902612,0.7632367632367633,1,0.006336697883702
GuryanKroftNotowidigdo_2009,17.0,14.0,0.2528536767026926,0.2417582417582417,1,0.0472934995384598
GuryanKroftNotowidigdo_2009,18.0,15.0,0.0002876070262454,0.0049950049950049,1,0.0037698268924258
GuryanKroftNotowidigdo_2009,19.0,16.0,0.0677170809238167,0.0979020979020979,1,0.0039542441601652
GuryanKroftNotowidigdo_2009,20.0,17.0,0.2242316041327517,0.3066933066933067,1,0.002610893159716
GuryanKroftNotowidigdo_2009,21.0,18.0,0.4960584319573348,0.5754245754245755,1,0.0027069764097839
GuryanKroftNotowidigdo_2009,22.0,19.0,0.8543241407030338,0.8681318681318682,1,0.0026650509635653
GuryanKroftNotowidigdo_2009,23.0,20.0,0.4144530467387713,0.4465534465534465,1,0.0115693540620042
GuryanKroftNotowidigdo_2009,24.0,20.0,0.0171311497660357,0.0349650349650349,1,0.1162502821766697
GuryanKroftNotowidigdo_2009,25.0,21.0,0.3417111875370775,0.3836163836163836,1,0.0101021287160485
GuryanKroftNotowidigdo_2009,26.0,21.0,0.0029198205029593,0.0359640359640359,1,0.0195278540031474
GuryanKroftNotowidigdo_2009,27.0,22.0,0.3758536306241744,0.4095904095904096,1,0.0106190610431608
GuryanKroftNotowidigdo_2009,28.0,22.0,0.0134073283185099,0.0279720279720279,1,0.1169392771660772
GuryanKroftNotowidigdo_2009,29.0,22.0,0.0021657505934061,0.0279720279720279,1,0.020562838296542
GuryanKroftNotowidigdo_2009,30.0,23.0,0.5636832653556025,0.6323676323676324,1,0.0110528712889479
HeffetzShayo_2009,1.0,1.0,0.666945504211882,0.6722327767223277,1,0.0057714741818628
HeffetzShayo_2009,2.0,2.0,0.1467592936435017,0.1500849915008499,1,0.0057714741818628
HeffetzShayo_2009,3.0,3.0,0.919120938816409,0.9125087491250876,1,0.0058691308691308
HeffetzShayo_2009,4.0,4.0,0.1090745802084331,0.1054894510548945,1,0.0058691308691308
HeffetzShayo_2009,5.0,5.0,0.2560378098222892,0.2534746525347465,1,0.0057714741818628
HeffetzShayo_2009,6.0,6.0,0.0511956248795495,0.0544945505449455,1,0.0057714741818628
HeffetzShayo_2009,7.0,7.0,0.4619357619628941,0.4784521547845215,1,0.0057714741818628
HeffetzShayo_2009,8.0,8.0,0.1944943314315698,0.2003799620037996,1,0.0057714741818628
HeffetzShayo_2009,9.0,9.0,0.5029952730885714,0.539046095390461,1,0.0057714741818628
HeffetzShayo_2009,10.0,10.0,0.5004797757654988,0.5377462253774623,1,0.0057714741818628
HeffetzShayo_2009,11.0,11.0,0.0281054767926722,0.0305969403059694,1,0.0057714741818628
HeffetzShayo_2009,12.0,12.0,0.0093558996780816,0.0095990400959904,1,0.0219061256248201
HeffetzShayo_2009,13.0,13.0,0.0073208702203005,0.0076992300769923,1,0.0063010663343027
HeffetzShayo_2009,14.0,14.0,0.0018623830483503,0.0020997900209979,1,0.0217248767081973
HeffetzShayo_2009,15.0,15.0,0.0921888093890297,0.0896910308969103,1,0.0058691308691308
HeffetzShayo_2009,16.0,16.0,0.0784841774853371,0.0890910908909109,1,0.0216131124029055
HeffetzShayo_2009,17.0,17.0,0.2334425712326054,0.2386761323867613,1,0.0057714741818628
HeffetzShayo_2009,18.0,18.0,0.2586339909972487,0.2660733926607339,1,0.0219061256248201
HeffetzShayo_2009,19.0,19.0,0.073507398913376,0.0756924307569243,1,0.0057714741818628
HeffetzShayo_2009,20.0,20.0,0.0518563759658097,0.0571942805719428,1,0.0219061256248201
IfcherZarghamee_2011,1.0,1.0,0.2412488845724437,0.252577856473284,1,0.0149190110826939
IfcherZarghamee_2011,2.0,2.0,0.4348751160146168,0.4073534006874283,1,0.0149190110826939
IfcherZarghamee_2011,3.0,3.0,0.0396209170327239,0.033538173106968,1,0.0160984848484848
IfcherZarghamee_2011,4.0,4.0,0.4760109616330276,0.4904697427351318,1,0.0149190110826939
IfcherZarghamee_2011,5.0,5.0,0.2148088108208455,0.2168524112071659,1,0.0149190110826939
IfcherZarghamee_2011,6.0,6.0,0.3501864504182693,0.3703780856160816,1,0.0149190110826939
IfcherZarghamee_2011,7.0,7.0,0.4772406337733611,0.48297052390376,1,0.0149190110826939
IfcherZarghamee_2011,8.0,8.0,0.0849694568473144,0.08384543276742,1,0.0149190110826939
IfcherZarghamee_2011,9.0,9.0,0.1681421797755808,0.1712321633163212,1,0.0149190110826939
IfcherZarghamee_2011,10.0,10.0,0.4657066151866772,0.4739089678158525,1,0.0149190110826939
IfcherZarghamee_2011,11.0,11.0,0.2627096980502006,0.2713259035517134,1,0.0149190110826939
IfcherZarghamee_2011,12.0,12.0,0.0391321747917831,0.0381210290594729,1,0.0149190110826939
IfcherZarghamee_2011,13.0,13.0,0.1673388294659278,0.1726903447557546,1,0.0149190110826939
IfcherZarghamee_2011,14.0,14.0,0.1607673130391828,0.1577960629101135,1,0.0149190110826939
IfcherZarghamee_2011,15.0,15.0,0.0116396085618853,0.0083324653681908,1,0.0149190110826939
IfcherZarghamee_2011,16.0,16.0,0.3792931426592362,0.3939173002812207,1,0.0149190110826939
IfcherZarghamee_2011,17.0,17.0,0.0989023428846635,0.101968544943235,1,0.0149190110826939
IfcherZarghamee_2011,18.0,18.0,0.0121211695610602,0.009478179356317,1,0.0149190110826939
IfcherZarghamee_2011,19.0,19.0,0.120976805405794,0.1250911363399645,1,0.0155971479500891
IfcherZarghamee_2011,20.0,20.0,0.3270485790368521,0.3337152379960421,1,0.0149190110826939
IfcherZarghamee_2011,21.0,21.0,0.1142475034771675,0.1184251640454119,1,0.0149190110826939
IfcherZarghamee_2011,22.0,22.0,0.3544577589622293,0.3644412040412457,1,0.0149190110826939
IfcherZarghamee_2011,23.0,23.0,0.0189979763555579,0.0180189563587126,1,0.0149190110826939
IfcherZarghamee_2011,24.0,24.0,0.2220905900431269,0.2259139672950734,1,0.0149190110826939
IfcherZarghamee_2011,25.0,25.0,0.3541314569020162,0.3547547130507238,1,0.0149190110826939
IfcherZarghamee_2011,26.0,26.0,0.2043000600114576,0.2121653994375585,1,0.0147058823529411
IfcherZarghamee_2011,27.0,27.0,0.3121601706330815,0.3166336839912509,1,0.0149190110826939
IfcherZarghamee_2011,28.0,28.0,0.0135016683534176,0.0109363607957504,1,0.0149190110826939
IfcherZarghamee_2011,29.0,29.0,0.0371704120875906,0.0402041454015206,1,0.0149190110826939
IfcherZarghamee_2011,30.0,30.0,0.0603756076592748,0.0599937506509738,1,0.0149190110826939
IfcherZarghamee_2011,31.0,31.0,0.0541850413856854,0.0566607645036975,1,0.0149719803327826
IfcherZarghamee_2011,32.0,32.0,0.0394504938099413,0.0622851786272263,1,0.0330299175513351
IfcherZarghamee_2011,33.0,33.0,0.0373320555817399,0.0477033642328924,1,0.0285771084959019
IfcherZarghamee_2011,34.0,34.0,0.0186506882878521,0.044370378085616,1,0.0494283584371133
IfcherZarghamee_2011,35.0,35.0,0.0306870899074768,0.032184147484637,1,0.021703146441384
IfcherZarghamee_2011,36.0,36.0,0.0115259311870921,0.0293719404228726,1,0.0484819261898374
IfcherZarghamee_2011,37.0,37.0,0.019942233682972,0.0298927195083845,1,0.0368613123440231
IfcherZarghamee_2011,38.0,38.0,0.0052452193273314,0.026247265909801,1,0.070485936147274
KosfeldNeckermann_2011,1.0,1.0,0.0148948289753158,0.0182981701829817,1,0.0991044776119402
KosfeldNeckermann_2011,2.0,2.0,0.0025208194904012,0.0046995300469953,1,0.0920110706512607
KosfeldNeckermann_2011,3.0,3.0,0.0263023154481799,0.0315968403159684,1,0.0991044776119402
KosfeldNeckermann_2011,4.0,4.0,0.0074288993034833,0.0081991800819918,1,0.0920110706512607
KubeMarechalPuppe_2012,1.0,1.0,0.6370755764472987,0.6627337266273373,1,0.0343790662535255
KubeMarechalPuppe_2012,2.0,1.0,0.0008940685750518,0.0035996400359964,1,0.0505768735552547
KubeMarechalPuppe_2012,3.0,1.0,0.0022582232563677,0.005999400059994,1,0.0582811959037775
KubeMarechalPuppe_2012,4.0,1.0,0.0313633167585397,0.0468953104689531,1,0.0358026092940403
KubeMarechalPuppe_2012,5.0,1.0,0.0081745703115131,0.0164983501649835,1,0.0400309228990395
KubeMarechalPuppe_2012,6.0,2.0,0.9131667586347506,0.9178082191780822,1,0.0216022584889714
KubeMarechalPuppe_2012,7.0,2.0,0.000228167653339,0.0011998800119988,1,0.0480815038442369
KubeMarechalPuppe_2012,8.0,2.0,0.0032459293825116,0.0085991400859914,1,0.0510765278558781
KubeMarechalPuppe_2012,9.0,2.0,0.0145343513170531,0.0216978302169783,1,0.0308691631935059
KubeMarechalPuppe_2012,10.0,2.0,0.0259406742632348,0.0376962303769623,1,0.037900829136916
KubeMarechalPuppe_2012,11.0,2.0,0.3210294354318692,0.3211678832116788,1,0.0149190110826943
KubeMarechalPuppe_2012,12.0,2.0,0.2033453232534148,0.2055794420557944,1,0.0466666666666676
KubeMarechalPuppe_2012,13.0,2.0,0.8534713318770775,0.8512148785121488,1,0.0466666666666677
KubeMarechalPuppe_2012,14.0,2.0,0.7028799291185515,0.7005299470052995,1,0.0279106858054233
KubeMarechalPuppe_2012,15.0,2.0,0.1094960386335921,0.1148885111488851,1,0.0366876310272545
KubeMarechalPuppe_2012,16.0,3.0,0.1428979737341937,0.1756824317568243,1,0.0343790662535255
KubeMarechalPuppe_2012,17.0,3.0,0.0025030360868955,0.0063993600639936,1,0.0505768735552547
KubeMarechalPuppe_2012,18.0,3.0,0.0002289170363945,0.0016998300169983,1,0.0582811959037775
KubeMarechalPuppe_2012,19.0,3.0,0.0033198674008856,0.0081991800819918,1,0.0358026092940403
KubeMarechalPuppe_2012,20.0,3.0,0.0001467611514465,0.0006999300069993,1,0.0400309228990395
KubeMarechalPuppe_2012,21.0,4.0,0.3581060632779743,0.3925607439256074,1,0.0216022584889714
KubeMarechalPuppe_2012,22.0,4.0,0.0005196176951993,0.0025997400259974,1,0.0480815038442369
KubeMarechalPuppe_2012,23.0,4.0,0.0001817015734692,0.0010998900109989,1,0.0510765278558781
KubeMarechalPuppe_2012,24.0,4.0,0.0048600747001753,0.0094990500949905,1,0.0308691631935059
KubeMarechalPuppe_2012,25.0,4.0,0.0017524475113907,0.0048995100489951,1,0.037900829136916
KubeMarechalPuppe_2012,26.0,4.0,0.1252588126639573,0.1275872412758724,1,0.0149190110826943
KubeMarechalPuppe_2012,27.0,4.0,0.1213037096499024,0.137986201379862,1,0.0466666666666676
KubeMarechalPuppe_2012,28.0,4.0,0.782187548254011,0.78992100789921,1,0.0466666666666677
KubeMarechalPuppe_2012,29.0,4.0,0.4360945877899519,0.4628537146285371,1,0.0279106858054233
KubeMarechalPuppe_2012,30.0,4.0,0.063294018011631,0.0684931506849315,1,0.0366876310272545
LandryLangeListPriceRupp_2010,1.0,1.0,0.5041114536187284,0.5046495350464953,1,0.0046874986052016
LandryLangeListPriceRupp_2010,2.0,1.0,0.0053723567489987,0.0061993800619938,1,0.0057609638463185
LandryLangeListPriceRupp_2010,3.0,2.0,0.9294288087791038,0.9263073692630736,1,0.0050392880833208
LandryLangeListPriceRupp_2010,4.0,2.0,0.0023078708103209,0.0018998100189981,1,0.0061473302045761
LandryLangeListPriceRupp_2010,5.0,2.0,0.0457264644495746,0.0601939806019398,1,0.0156367410728658
LandryLangeListPriceRupp_2010,6.0,2.0,0.1681633192758133,0.1942805719428057,1,0.0147587580480726
LandryLangeListPriceRupp_2010,7.0,3.0,0.4694732190020271,0.4682531746825317,1,0.0049404488072406
LandryLangeListPriceRupp_2010,8.0,3.0,0.0051996887692721,0.0060993900609939,1,0.0056177110374155
LandryLangeListPriceRupp_2010,9.0,4.0,0.0010977882514301,0.0008999100089991,1,0.0046874986052016
LandryLangeListPriceRupp_2010,10.0,4.0,0.0004190345177103,0.0003999600039996,1,0.0057609638463185
LandryLangeListPriceRupp_2010,11.0,5.0,0.0013118412661271,0.0010998900109989,1,0.0050392880833208
LandryLangeListPriceRupp_2010,12.0,5.0,0.0001928748698412,0.0001999800019998,1,0.0061473302045761
LandryLangeListPriceRupp_2010,13.0,5.0,0.5818581663649094,0.6184381561843816,1,0.0156367410728658
LandryLangeListPriceRupp_2010,14.0,5.0,0.2271389767224618,0.270972902709729,1,0.0147587580480726
LandryLangeListPriceRupp_2010,15.0,6.0,0.0016169444135884,0.0014998500149985,1,0.0049404488072406
LandryLangeListPriceRupp_2010,16.0,6.0,0.0003852719714292,0.0004999500049995,1,0.0056177110374155
LarkinLeider_2012,1.0,1.0,0.8851241928276901,0.8881677483774338,1,0.0172423743447319
LarkinLeider_2012,2.0,1.0,0.9700244012125973,0.9715426859710434,1,0.008129278750832
LarkinLeider_2012,3.0,2.0,0.8344788871589288,0.8397403894158761,1,0.0162999557758063
LarkinLeider_2012,4.0,2.0,0.8245263023617002,0.8397403894158761,1,0.0082287087654008
LarkinLeider_2012,5.0,3.0,0.70843185405679,0.7124313529705442,1,0.0173165419252296
LarkinLeider_2012,6.0,3.0,0.9638655991212792,0.9700449326010984,1,0.0082737133068929
LarkinLeider_2012,7.0,4.0,0.5477159902011224,0.5526709935097354,1,0.0187521703987981
LarkinLeider_2012,8.0,4.0,0.961739436180474,0.9685471792311532,1,0.0082384787210319
LarkinLeider_2012,9.0,5.0,0.7250450932918799,0.7229156265601597,1,0.0173786881537862
LarkinLeider_2012,10.0,5.0,0.9510772181799112,0.961058412381428,1,0.0093765914302221
LarkinLeider_2012,11.0,6.0,0.8239056519652193,0.8312531203195207,1,0.0258266488373798
LarkinLeider_2012,12.0,6.0,0.8267536038378221,0.8277583624563155,1,0.0181434327138167
LarkinLeider_2012,13.0,7.0,0.7210703495936461,0.7314028956565152,1,0.0274853193775706
LarkinLeider_2012,14.0,7.0,0.8844845593551829,0.8836744882675986,1,0.0214783551886763
LarkinLeider_2012,15.0,8.0,0.3736560743739062,0.3609585621567648,1,0.0117235088262045
LarkinLeider_2012,16.0,8.0,0.2114135772396949,0.344982526210684,1,0.1078043186856531
LarkinLeider_2012,17.0,9.0,0.5365862582448312,0.5307039440838742,1,0.0117235088262045
LarkinLeider_2012,18.0,9.0,0.1945345985704482,0.1602596105841238,1,0.1078043186856531
LarkinLeider_2012,19.0,10.0,0.9700577324198272,0.9680479281078382,1,0.0117235088262045
LarkinLeider_2012,20.0,10.0,0.7385817868164807,0.7249126310534199,1,0.1078043186856531
LarkinLeider_2012,21.0,11.0,0.5109323447139678,0.473290064902646,1,0.0117235088262045
LarkinLeider_2012,22.0,11.0,0.2193322301014395,0.2456315526709935,1,0.1078043186856531
LarkinLeider_2012,23.0,12.0,0.6556079768849371,0.6490264603095357,1,0.0117235088262045
LarkinLeider_2012,24.0,12.0,0.9722851069099424,0.9765351972041936,1,0.1078043186856531
LarkinLeider_2012,25.0,13.0,0.3644863676508262,0.3619570644033949,1,0.0184304835090923
LarkinLeider_2012,26.0,13.0,0.3607691422724388,0.2685971043434847,1,0.1972756834091889
LarkinLeider_2012,27.0,14.0,0.3194991004977279,0.4398402396405392,1,0.0184304835090923
LarkinLeider_2012,28.0,14.0,0.272316621522613,0.3479780329505741,1,0.197275683409189
LarkinLeider_2012,29.0,15.0,0.671768674353775,0.7773339990014978,1,0.0184304835090923
LarkinLeider_2012,30.0,15.0,0.7478611914541043,0.7968047928107839,1,0.197275683409189
LarkinLeider_2012,31.0,16.0,0.2613829107250817,0.3070394408387419,1,0.0184304835090923
LarkinLeider_2012,32.0,16.0,0.8240279880808887,0.8202695956065901,1,0.197275683409189
LarkinLeider_2012,33.0,17.0,0.3831186653567652,0.5212181727408887,1,0.0184304835090923
LarkinLeider_2012,34.0,17.0,0.939067414152493,0.9720419370943584,1,0.1972756834091889
LarkinLeider_2012,35.0,18.0,0.6648611239661444,0.6964553170244633,1,0.0795047750988029
LarkinLeider_2012,36.0,18.0,0.1892801521160138,0.2980529206190714,1,0.2518500402342754
LarkinLeider_2012,37.0,19.0,0.3493303595007354,0.5776335496754867,1,0.0134228227490317
LarkinLeider_2012,38.0,19.0,0.7092964019932797,0.707938092860709,1,0.0466327426995879
LarkinLeider_2012,39.0,20.0,0.3217746314467747,0.4433349975037444,1,0.0228768046074699
LarkinLeider_2012,40.0,20.0,0.786843623308271,0.8567149276085871,1,0.068309625490634
LarkinLeider_2012,41.0,21.0,0.2458563281470657,0.3789316025961058,1,0.0145619340374828
LarkinLeider_2012,42.0,21.0,0.4557265643814875,0.4463305042436346,1,0.158705903618883
LarkinLeider_2012,43.0,22.0,0.2951590670828407,0.3804293559660509,1,0.0122128119023468
LarkinLeider_2012,44.0,22.0,0.0180753357906382,0.1293060409385921,1,0.1376720531206859
LarkinLeider_2012,45.0,23.0,0.0903784638067752,0.0948577134298552,1,0.0234872041483425
LarkinLeider_2012,46.0,23.0,0.8916326008482439,0.8926610084872691,1,0.0277255827941085
LarkinLeider_2012,47.0,23.0,0.0346711751727095,0.0399400898652022,1,0.0242480395362521
LarkinLeider_2012,48.0,23.0,0.4287782120041722,0.454318522216675,1,0.0281165127316025
LazearMalmendierWeber_2012,1.0,1.0,0.0005600808515317,0.0003999200159968,1,0.0060958118187033
LazearMalmendierWeber_2012,2.0,2.0,0.0662699765432518,0.0613877224555089,1,0.0112332112332112
LazearMalmendierWeber_2012,3.0,2.0,0.385350827934578,0.3875224955008998,1,0.0072199124702993
LazearMalmendierWeber_2012,4.0,3.0,8.005144028116951e-05,0.0001999600079984,1,0.0060958118187033
LazearMalmendierWeber_2012,5.0,4.0,0.0284035131278092,0.0273945210957808,1,0.0112332112332112
LazearMalmendierWeber_2012,6.0,4.0,0.2462226167449116,0.2525494901019796,1,0.0072199124702993
LazearMalmendierWeber_2012,7.0,5.0,6.702877752167187e-05,0.0005998800239952,1,0.0060958118187033
LazearMalmendierWeber_2012,8.0,6.0,0.016188084180156,0.0185962807438512,1,0.0112332112332112
LazearMalmendierWeber_2012,9.0,6.0,0.3785527130488918,0.3887222555488902,1,0.0072199124702993
LazearMalmendierWeber_2012,10.0,7.0,0.0018629078678421,0.0003999200159968,1,0.0142532738940536
Thornton_2008,1.0,1.0,2.2667877103059026e-37,9.999000099990002e-05,1,0.0410799415511475
Thornton_2008,2.0,2.0,7.47807200954816e-22,9.999000099990002e-05,1,0.038193099799259
Thornton_2008,3.0,2.0,1.6816901144104741e-12,9.999000099990002e-05,1,0.0585770641929258
Thornton_2008,4.0,3.0,2.1936380059167067e-11,9.999000099990002e-05,1,0.0528057900660291
Thornton_2008,5.0,3.0,4.958722961987977e-12,9.999000099990002e-05,1,0.0606201867478574
Thornton_2008,6.0,3.0,1.0570254495136953e-07,9.999000099990002e-05,1,0.0544659209047173
Thornton_2008,7.0,4.0,1.2769090024025722e-11,9.999000099990002e-05,1,0.0523657784407239
Thornton_2008,8.0,4.0,3.8338069806310426e-12,9.999000099990002e-05,1,0.0605536505182115
Thornton_2008,9.0,4.0,7.357632758752089e-08,9.999000099990002e-05,1,0.0544912663449928
Thornton_2008,10.0,5.0,1.7713731603833648e-11,9.999000099990002e-05,1,0.0519232284658288
Thornton_2008,11.0,5.0,6.172254667524735e-12,9.999000099990002e-05,1,0.0601636055776743
Thornton_2008,12.0,5.0,1.2083403129650938e-07,9.999000099990002e-05,1,0.0541533869681152
Thornton_2008,13.0,6.0,1.2261368086648571e-76,9.999000099990002e-05,1,0.0410799415511475
Thornton_2008,14.0,7.0,3.0908015858724697e-22,9.999000099990002e-05,1,0.038193099799259
Thornton_2008,15.0,7.0,3.835904069539583e-13,9.999000099990002e-05,1,0.0585770641929258
Thornton_2008,16.0,8.0,2.2286537663974785e-08,9.999000099990002e-05,1,0.0528057900660291
Thornton_2008,17.0,8.0,1.6981710170682034e-13,9.999000099990002e-05,1,0.0606201867478574
Thornton_2008,18.0,8.0,8.168558063667288e-07,9.999000099990002e-05,1,0.0544659209047173
Thornton_2008,19.0,9.0,9.366858256585751e-09,9.999000099990002e-05,1,0.0523657784407239
Thornton_2008,20.0,9.0,2.8493936563155583e-13,9.999000099990002e-05,1,0.0605536505182115
Thornton_2008,21.0,9.0,1.2102474826198116e-06,9.999000099990002e-05,1,0.0544912663449928
Thornton_2008,22.0,10.0,1.6751675128697996e-08,9.999000099990002e-05,1,0.0519232284658288
Thornton_2008,23.0,10.0,4.1964823479984153e-13,9.999000099990002e-05,1,0.0601636055776743
Thornton_2008,24.0,10.0,1.4495167149361289e-06,9.999000099990002e-05,1,0.0541533869681152
Thornton_2008,25.0,11.0,4.422395116818198e-12,9.999000099990002e-05,1,0.0528603916737513
Thornton_2008,26.0,11.0,6.01306278459384e-10,9.999000099990002e-05,1,0.0602801658690989
Thornton_2008,27.0,11.0,1.238624201468576e-05,9.999000099990002e-05,1,0.054737594363179
Thornton_2008,28.0,12.0,0.0302004565654981,0.0360963903609639,1,0.0560741366156917
Thornton_2008,29.0,12.0,3.780289330942428e-06,9.999000099990002e-05,1,0.0591231512079349
Thornton_2008,30.0,12.0,0.0003381607324139,0.0005999400059994,1,0.0530130746277753
Thornton_2008,31.0,12.0,0.1786576053224174,0.1776822317768223,1,0.0754922170246583
Thornton_2008,32.0,13.0,1.2812018408918666e-08,9.999000099990002e-05,1,0.1276257599265503
Thornton_2008,33.0,13.0,3.847468715329411e-05,9.999000099990002e-05,1,0.1222533344257802
Thornton_2008,34.0,13.0,0.0029919207624128,0.0036996300369963,1,0.1171857734329913
Thornton_2008,35.0,13.0,0.0255208061873113,0.0303969603039696,1,0.1590798997141108
Thornton_2008,36.0,14.0,8.614568188743636e-06,0.0001999800019998,1,0.0514392701718382
Thornton_2008,37.0,14.0,6.587585812538165e-12,9.999000099990002e-05,1,0.060130613156747
Thornton_2008,38.0,14.0,1.2517587395274837e-07,9.999000099990002e-05,1,0.054123329409959
Thornton_2008,39.0,14.0,0.4044990775769753,0.3797620237976202,1,0.038830928260571
Thornton_2008,40.0,15.0,1.4103908094531292e-11,9.999000099990002e-05,1,0.0525289517512155
Thornton_2008,41.0,15.0,9.829518499758379e-12,9.999000099990002e-05,1,0.0606494701461943
Thornton_2008,42.0,15.0,1.6932647296539694e-07,9.999000099990002e-05,1,0.0545393110711109
Thornton_2008,43.0,16.0,1.8440561472413207e-11,9.999000099990002e-05,1,0.0503513793330135
Thornton_2008,44.0,16.0,6.64002266052514e-12,9.999000099990002e-05,1,0.0600791736919122
Thornton_2008,45.0,16.0,1.2852954309870534e-07,9.999000099990002e-05,1,0.0540952170746789
Thornton_2008,46.0,16.0,0.4253531489851596,0.4168583141685831,1,0.0837645216828405
Thornton_2008,47.0,17.0,0.064209130020024,0.0672932706729327,1,0.1133748984583181
Thornton_2008,48.0,17.0,0.001017952230394,0.0020997900209979,1,0.1166009589330938
Thornton_2008,49.0,17.0,0.0118791731923678,0.0156984301569843,1,0.1074568753174518
Thornton_2008,50.0,17.0,0.6547753834057489,0.6664333566643336,1,0.1165049099559263
Thornton_2008,51.0,17.0,0.6592230985044789,0.6648335166483351,1,0.11789061847216
Thornton_2008,52.0,17.0,0.5575646443166519,0.5665433456654334,1,0.0960326062651788
Thornton_2008,53.0,17.0,0.7168160740884346,0.7752224777522247,1,0.2428742452688279
Thornton_2008,54.0,17.0,0.2677438713714035,0.3982601739826017,1,0.1519439139718544
Thornton_2008,55.0,17.0,0.2757038930803358,0.4144585541445855,1,0.1309320674817332
Thornton_2008,56.0,17.0,0.778452032729166,0.797920207979202,1,0.1679016432770699
Thornton_2008,57.0,17.0,0.0516817915051726,0.1241875812418758,1,0.2544264452567663
Thornton_2008,58.0,17.0,0.0462953143416109,0.1260873912608739,1,0.2761277892970843
Thornton_2008,59.0,18.0,0.8393421643892875,0.9284071592840716,1,0.1133748984583181
Thornton_2008,60.0,18.0,0.4152372010891703,0.3195680431956804,1,0.1166009589330938
Thornton_2008,61.0,18.0,0.6030362177389771,0.533046695330467,1,0.1074568753174518
Thornton_2008,62.0,18.0,0.8291970584601525,0.8467153284671532,1,0.1165049099559263
Thornton_2008,63.0,18.0,0.8107187866496002,0.7579242075792421,1,0.11789061847216
Thornton_2008,64.0,18.0,0.9496823138948738,0.931006899310069,1,0.0960326062651788
Thornton_2008,65.0,18.0,0.639978614826731,0.7048295170482952,1,0.2428742452688279
Thornton_2008,66.0,18.0,0.1943769727711662,0.3286671332866713,1,0.1519439139718544
Thornton_2008,67.0,18.0,0.1850471603157391,0.327967203279672,1,0.1309320674817332
Thornton_2008,68.0,18.0,0.441909914761843,0.5067493250674933,1,0.1679016432770699
Thornton_2008,69.0,18.0,0.0045506527966478,0.0442955704429557,1,0.2544264452567663
Thornton_2008,70.0,18.0,0.0080258986739102,0.0600939906009399,1,0.2761277892970843
VosslerDoyonRondeau_2012,1.0,1.0,0.0015970811603314,0.0024557095246447,1,0.0093322606596957
VosslerDoyonRondeau_2012,2.0,1.0,0.0805844923758113,0.0822662690756007,1,0.0093322606596944
VosslerDoyonRondeau_2012,3.0,1.0,0.2160673845938069,0.218733555516576,1,0.0093322606596943
VosslerDoyonRondeau_2012,4.0,1.0,0.6369633436205243,0.6367303981757586,1,0.0093322606596957
VosslerDoyonRondeau_2012,5.0,1.0,0.6863094422964868,0.6897035607788108,1,0.0093322606596944
VosslerDoyonRondeau_2012,6.0,1.0,0.9093870766920824,0.9108928258200316,1,0.0093322606596943
VosslerDoyonRondeau_2012,7.0,1.0,0.9968215947137088,0.9966672513594106,1,0.0101398601398618
VosslerDoyonRondeau_2012,8.0,1.0,0.3030403325737873,0.3081915453429223,1,0.0101398601398601
VosslerDoyonRondeau_2012,9.0,1.0,0.142705945310891,0.1555867391685669,1,0.0101398601398601
VosslerDoyonRondeau_2012,10.0,1.0,0.0975482077877558,0.0991054201017365,1,0.0097562062856297
VosslerDoyonRondeau_2012,11.0,1.0,0.234512292919193,0.2294334327310998,1,0.0095031956912458
VosslerDoyonRondeau_2012,12.0,1.0,0.1987097986503077,0.1996141027889844,1,0.0105119316929752
VosslerDoyonRondeau_2012,13.0,1.0,0.0055276290701411,0.0029819329942115,1,0.0093322606596945
VosslerDoyonRondeau_2012,14.0,1.0,0.0047159329877474,0.0031573408174004,1,0.0093322606596945
VosslerDoyonRondeau_2012,15.0,1.0,0.023948875379331,0.0177161901420803,1,0.0101398601398602
VosslerDoyonRondeau_2012,16.0,2.0,0.0003919098519111,0.0023004777915413,1,0.1541589060806363
VosslerDoyonRondeau_2012,17.0,2.0,0.6563927935392702,0.6335161918244558,1,0.1541589060806207
VosslerDoyonRondeau_2012,18.0,2.0,0.0640115871916049,0.0463634754910635,1,0.1541589060806149
VosslerDoyonRondeau_2012,19.0,2.0,0.6284721216258367,0.6266147584498319,1,0.0093322606596957
VosslerDoyonRondeau_2012,20.0,2.0,0.6786006599341062,0.6812953459564679,1,0.0093322606596944
VosslerDoyonRondeau_2012,21.0,2.0,0.89791004324503,0.9005485754733675,1,0.0093322606596943
VosslerDoyonRondeau_2012,22.0,2.0,0.9944466536740076,0.9952220845867988,1,0.0101398601398618
VosslerDoyonRondeau_2012,23.0,2.0,0.3071631483178666,0.3135728189700938,1,0.0101398601398601
VosslerDoyonRondeau_2012,24.0,2.0,0.1440478494413778,0.1576712086356397,1,0.0101398601398601
VosslerDoyonRondeau_2012,25.0,2.0,0.3174449171097435,0.3392319943372854,1,0.1542150935312132
VosslerDoyonRondeau_2012,26.0,2.0,0.2318229918975748,0.2263316227216422,1,0.0095044875305988
VosslerDoyonRondeau_2012,27.0,2.0,0.1972244048613163,0.1978410900725535,1,0.0105159584057846
VosslerDoyonRondeau_2012,28.0,2.0,0.0038402205086634,0.0077862325252167,1,0.1461276660111822
VosslerDoyonRondeau_2012,29.0,2.0,0.979271917212122,0.9775261015749424,1,0.1461276660111982
VosslerDoyonRondeau_2012,30.0,2.0,0.0767176738423578,0.0695452132365953,1,0.1461276660111951
VosslerDoyonRondeau_2012,31.0,2.0,0.5745790213584033,0.5850291983719695,1,0.1459697209027386
VosslerDoyonRondeau_2012,32.0,2.0,0.130424340131901,0.1686427181029906,1,0.1541589060806188
VosslerDoyonRondeau_2012,33.0,2.0,0.0053170206847661,0.0031852769421341,1,0.0093322606596945
VosslerDoyonRondeau_2012,34.0,2.0,0.0259987269876994,0.0189347018226862,1,0.0101398601398602
VosslerDoyonRondeau_2012,35.0,2.0,0.6472853514368903,0.6414793841797912,1,0.1461276660111946
WisdomDownsLoewenstein_2010,1.0,1.0,0.0965860289843553,0.101989801019898,1,0.0091762954758416
WisdomDownsLoewenstein_2010,2.0,1.0,0.1914747592428153,0.1951804819518048,1,0.0070003579897005
WisdomDownsLoewenstein_2010,3.0,1.0,0.024951005471319,0.0226977302269773,1,0.0067933976498722
WisdomDownsLoewenstein_2010,4.0,1.0,0.6536923419449372,0.6583341665833417,1,0.0083656755436565
WisdomDownsLoewenstein_2010,5.0,2.0,0.0048472113576043,0.0061993800619938,1,0.0057201394672144
WisdomDownsLoewenstein_2010,6.0,2.0,0.122391550219115,0.1223877612238776,1,0.0036944212589863
WisdomDownsLoewenstein_2010,7.0,2.0,0.4695508180617131,0.4684531546845315,1,0.005883592118908
WisdomDownsLoewenstein_2010,8.0,2.0,0.886663389287786,0.8884111588841116,1,0.0078402363269077
WisdomDownsLoewenstein_2010,9.0,3.0,0.001431222809111,0.0018998100189981,1,0.0038010816559483
WisdomDownsLoewenstein_2010,10.0,3.0,0.0450661033144066,0.045995400459954,1,0.0026720105145536
WisdomDownsLoewenstein_2010,11.0,3.0,0.02123710650865,0.0218978102189781,1,0.0060341949495919
WisdomDownsLoewenstein_2010,12.0,3.0,0.663665120892748,0.674932506749325,1,0.0070386156885353
WisdomDownsLoewenstein_2010,13.0,3.0,0.0306509800085386,0.0315968403159684,1,0.0035531199701466
WisdomDownsLoewenstein_2010,14.0,3.0,0.8142622920093938,0.8235176482351765,1,0.0040406050036968
WisdomDownsLoewenstein_2010,15.0,4.0,0.1807176171172982,0.1796820317968203,1,0.0091762954758416
WisdomDownsLoewenstein_2010,16.0,4.0,0.9258602025294578,0.9267073292670732,1,0.0070003579897005
WisdomDownsLoewenstein_2010,17.0,4.0,0.0006030579517806,0.000999900009999,1,0.0067933976498722
WisdomDownsLoewenstein_2010,18.0,4.0,0.0009159024372828,0.0008999100089991,1,0.0083656755436565
WisdomDownsLoewenstein_2010,19.0,5.0,0.5236817674796908,0.5234476552344766,1,0.0057853620643769
WisdomDownsLoewenstein_2010,20.0,5.0,0.5097435472235343,0.50994900509949,1,0.0037460629824373
WisdomDownsLoewenstein_2010,21.0,5.0,0.0269214716141082,0.0258974102589741,1,0.0058509030437904
WisdomDownsLoewenstein_2010,22.0,5.0,0.9984902247698416,0.9982001799820018,1,0.0079513968996702
WisdomDownsLoewenstein_2010,23.0,6.0,0.167997736675752,0.1683831616838316,1,0.0037888087746115
WisdomDownsLoewenstein_2010,24.0,6.0,0.5587595586571277,0.5572442755724427,1,0.0026926273813235
WisdomDownsLoewenstein_2010,25.0,6.0,0.0007864423378282,0.0013998600139986,1,0.0060340738046413
WisdomDownsLoewenstein_2010,26.0,6.0,0.0010992426464157,0.0011998800119988,1,0.0070381900330005
WisdomDownsLoewenstein_2010,27.0,6.0,0.3758522930539388,0.3835616438356164,1,0.00358216689994
WisdomDownsLoewenstein_2010,28.0,6.0,0.0148365080417731,0.0148985101489851,1,0.004064263584455
WisdomDownsLoewenstein_2010,29.0,7.0,0.135993607637336,0.140985901409859,1,0.0091762954758416
WisdomDownsLoewenstein_2010,30.0,7.0,0.074842985190556,0.0735926407359264,1,0.0070003579897005
WisdomDownsLoewenstein_2010,31.0,7.0,0.402452928384522,0.4000599940005999,1,0.0067933976498722
WisdomDownsLoewenstein_2010,32.0,7.0,0.1892779863493158,0.1905809419058094,1,0.0083656755436565
WisdomDownsLoewenstein_2010,33.0,8.0,0.0020430588842129,0.0018998100189981,1,0.0057201394672144
WisdomDownsLoewenstein_2010,34.0,8.0,0.0899885152457029,0.0877912208779122,1,0.0036944212589863
WisdomDownsLoewenstein_2010,35.0,8.0,0.0171352558664368,0.0177982201779822,1,0.005883592118908
WisdomDownsLoewenstein_2010,36.0,8.0,0.8621316172605978,0.8640135986401359,1,0.0078402363269077
WisdomDownsLoewenstein_2010,37.0,9.0,0.0012356707282886,0.0013998600139986,1,0.0038010816559483
WisdomDownsLoewenstein_2010,38.0,9.0,0.0160137444589701,0.0140985901409859,1,0.0026720105145536
WisdomDownsLoewenstein_2010,39.0,9.0,0.3867750328408643,0.3915608439156084,1,0.0060341949495919
WisdomDownsLoewenstein_2010,40.0,9.0,0.1585096674315819,0.1668833116688331,1,0.0070386156885353
WisdomDownsLoewenstein_2010,41.0,9.0,0.0254477337257441,0.0251974802519748,1,0.0035531199701466
WisdomDownsLoewenstein_2010,42.0,9.0,0.2491496077327412,0.2533746625337466,1,0.0040406050036968
WisdomDownsLoewenstein_2010,43.0,10.0,0.2674787682334325,0.2768723127687231,1,0.0039564129156981
WisdomDownsLoewenstein_2010,44.0,10.0,0.0561792221566169,0.0546945305469453,1,0.0026312696984622
WisdomDownsLoewenstein_2010,45.0,10.0,0.2626849053957996,0.1924807519248075,1,0.0061782102147501
WisdomDownsLoewenstein_2010,46.0,10.0,0.7279564488497268,0.6925307469253075,1,0.0074809839540545
WisdomDownsLoewenstein_2010,47.0,10.0,0.1182926471925429,0.1123887611238876,1,0.0036096871523
WisdomDownsLoewenstein_2010,48.0,10.0,0.3725042725611696,0.3561643835616438,1,0.0042038355048224
WisdomDownsLoewenstein_2010,49.0,11.0,0.7495139778317556,0.7541245875412459,1,0.0039564129156981
WisdomDownsLoewenstein_2010,50.0,11.0,0.2231815400170262,0.2200779922007799,1,0.0026312696984622
WisdomDownsLoewenstein_2010,51.0,11.0,0.7928234437831834,0.7665233476652334,1,0.0061782102147501
WisdomDownsLoewenstein_2010,52.0,11.0,0.6343027952267972,0.5853414658534146,1,0.0074809839540545
WisdomDownsLoewenstein_2010,53.0,11.0,0.4180910824246103,0.4170582941705829,1,0.0036096871523
WisdomDownsLoewenstein_2010,54.0,11.0,0.6609715419494139,0.6488351164883511,1,0.0042038355048224
WisdomDownsLoewenstein_2010,55.0,12.0,0.1551921972496344,0.1504849515048495,1,0.003874526873746
WisdomDownsLoewenstein_2010,56.0,12.0,1.988989324623464e-05,9.999000099990002e-05,1,0.0027497091244701
WisdomDownsLoewenstein_2010,57.0,12.0,0.5391263398319563,0.5775422457754225,1,0.0065698342610774
WisdomDownsLoewenstein_2010,58.0,12.0,0.5588184661692018,0.5868413158684131,1,0.0072024432424674
WisdomDownsLoewenstein_2010,59.0,12.0,0.4096035333943887,0.4097590240975902,1,0.0035272201357687
WisdomDownsLoewenstein_2010,60.0,12.0,0.5484569805154452,0.5576442355764424,1,0.0038426479018827
WisdomDownsLoewenstein_2010,61.0,13.0,0.0050005537012672,0.0054994500549945,1,0.003874526873746
WisdomDownsLoewenstein_2010,62.0,13.0,0.9715488074010123,0.9713028697130288,1,0.0027497091244701
WisdomDownsLoewenstein_2010,63.0,13.0,0.9689503757910172,0.974102589741026,1,0.0065698342610774
WisdomDownsLoewenstein_2010,64.0,13.0,0.7658492303706869,0.7782221777822218,1,0.0072024432424674
WisdomDownsLoewenstein_2010,65.0,13.0,0.3590246060903559,0.3730626937306269,1,0.0035272201357687
WisdomDownsLoewenstein_2010,66.0,13.0,0.6455337608471263,0.653034696530347,1,0.0038426479018827
WisdomDownsLoewenstein_2010,67.0,14.0,0.6333200803465224,0.6301369863013698,1,0.0040168422876871
WisdomDownsLoewenstein_2010,68.0,14.0,0.1255346440661097,0.1281871812818718,1,0.0025178729348244
WisdomDownsLoewenstein_2010,69.0,14.0,0.1288575523439228,0.1178882111788821,1,0.0061408610259334
WisdomDownsLoewenstein_2010,70.0,14.0,0.840492411812987,0.8433156684331566,1,0.0070705415590245
WisdomDownsLoewenstein_2010,71.0,14.0,0.2030570567830477,0.1970802919708029,1,0.0037497624242849
WisdomDownsLoewenstein_2010,72.0,14.0,0.3151193465194997,0.3136686331366863,1,0.0041258128463048
WisdomDownsLoewenstein_2010,73.0,15.0,0.1660216897562309,0.1661833816618338,1,0.0115377800595869
WisdomDownsLoewenstein_2010,74.0,15.0,0.7728674249440088,0.7818218178182181,1,0.0077600211438425
WisdomDownsLoewenstein_2010,75.0,15.0,0.0577328662308029,0.066993300669933,1,0.0143165209950192
WisdomDownsLoewenstein_2010,76.0,15.0,0.7390477538147092,0.7526247375262474,1,0.017108568763051
WisdomDownsLoewenstein_2010,77.0,15.0,0.2482793056572114,0.2381761823817618,1,0.0075122367965643
WisdomDownsLoewenstein_2010,78.0,15.0,0.9677507016277604,0.968103189681032,1,0.009846645167291
WisdomDownsLoewenstein_2010,79.0,16.0,0.4961728874792509,0.498950104989501,1,0.0114464450096481
WisdomDownsLoewenstein_2010,80.0,16.0,0.1119175718842269,0.1103889611038896,1,0.008005932582353
WisdomDownsLoewenstein_2010,81.0,16.0,0.0775770866583657,0.0806919308069193,1,0.0143160836099336
WisdomDownsLoewenstein_2010,82.0,16.0,0.107957736884353,0.1142885711428857,1,0.0171045144281976
WisdomDownsLoewenstein_2010,83.0,16.0,0.3488016979952714,0.3388661133886611,1,0.0076662243246053
WisdomDownsLoewenstein_2010,84.0,16.0,0.0334229829779013,0.0346965303469653,1,0.0101084643738909
WisdomDownsLoewenstein_2010,85.0,17.0,0.1472276981112511,0.1484851514848515,1,0.0115377800595869
WisdomDownsLoewenstein_2010,86.0,17.0,0.4044436542209598,0.4020597940205979,1,0.0077600211438425
WisdomDownsLoewenstein_2010,87.0,17.0,0.1864822598281012,0.1954804519548045,1,0.0143165209950192
WisdomDownsLoewenstein_2010,88.0,17.0,0.1835713646664391,0.1990800919908009,1,0.017108568763051
WisdomDownsLoewenstein_2010,89.0,17.0,0.0413290713055598,0.0384961503849615,1,0.0075122367965643
WisdomDownsLoewenstein_2010,90.0,17.0,0.2100538900239635,0.2083791620837916,1,0.009846645167291
